2026-05-26 15:28:29.039000-06:00 [notice] <0.209.0> Logging: configured log handlers are now ACTIVE
2026-05-26 15:28:29.082000-06:00 [info] <0.209.0> ra: starting system coordination
2026-05-26 15:28:29.083000-06:00 [info] <0.209.0> starting Ra system: coordination in directory: c:/Users/joshu/Downloads/Proyecto bases/runtime/rabbitmq431/db/rabbit@localhost-mnesia/coordination/rabbit@localhost
2026-05-26 15:28:29.131000-06:00 [info] <0.217.0> ra_coordination_log_ets: in system coordination initialising. Mem table opts: [set,{write_concurrency,auto},public,{compressed,false}]
2026-05-26 15:28:29.413000-06:00 [info] <0.223.0> ra system 'coordination' running pre init for 0 registered servers
2026-05-26 15:28:29.449000-06:00 [info] <0.224.0> ra: meta data store initialised for system coordination. 0 record(s) recovered
2026-05-26 15:28:29.472000-06:00 [info] <0.231.0> segment_writer: upgrading segment file names to new format in dirctory c:/Users/joshu/Downloads/Proyecto bases/runtime/rabbitmq431/db/rabbit@localhost-mnesia/coordination/rabbit@localhost
2026-05-26 15:28:29.587000-06:00 [notice] <0.233.0> WAL in coordination initialising with name ra_coordination_log_wal
2026-05-26 15:28:29.652000-06:00 [info] <0.209.0> ra: starting system quorum_queues
2026-05-26 15:28:29.652000-06:00 [info] <0.209.0> starting Ra system: quorum_queues in directory: c:/Users/joshu/Downloads/Proyecto bases/runtime/rabbitmq431/db/rabbit@localhost-mnesia/quorum/rabbit@localhost
2026-05-26 15:28:29.657000-06:00 [info] <0.237.0> ra_log_ets: in system quorum_queues initialising. Mem table opts: [set,{write_concurrency,auto},public,{compressed,true}]
2026-05-26 15:28:29.658000-06:00 [info] <0.241.0> ra system 'quorum_queues' running pre init for 0 registered servers
2026-05-26 15:28:29.661000-06:00 [info] <0.242.0> ra: meta data store initialised for system quorum_queues. 0 record(s) recovered
2026-05-26 15:28:29.662000-06:00 [info] <0.249.0> segment_writer: upgrading segment file names to new format in dirctory c:/Users/joshu/Downloads/Proyecto bases/runtime/rabbitmq431/db/rabbit@localhost-mnesia/quorum/rabbit@localhost
2026-05-26 15:28:29.664000-06:00 [notice] <0.251.0> WAL in quorum_queues initialising with name ra_log_wal
2026-05-26 15:28:29.674000-06:00 [info] <0.253.0> ra_system_recover: ra system 'quorum_queues' server recovery strategy rabbit_quorum_queue:system_recover
2026-05-26 15:28:29.675000-06:00 [info] <0.253.0> [rabbit_quorum_queue:system_recover/1] rabbit not booted, skipping queue recovery
2026-05-26 15:28:29.675000-06:00 [info] <0.209.0> ra: starting system coordination
2026-05-26 15:28:29.675000-06:00 [info] <0.209.0> starting Ra system: coordination in directory: c:/Users/joshu/Downloads/Proyecto bases/runtime/rabbitmq431/db/rabbit@localhost-mnesia/coordination/rabbit@localhost
2026-05-26 15:28:30.064000-06:00 [notice] <0.255.0> RabbitMQ metadata store: candidate -> leader in term: 1 machine version: 3, last applied 0
2026-05-26 15:28:30.079000-06:00 [info] <0.209.0> 
2026-05-26 15:28:30.079000-06:00 [info] <0.209.0>  Starting RabbitMQ 4.3.1 on Erlang 27.3.4.11 [jit]
2026-05-26 15:28:30.079000-06:00 [info] <0.209.0>  Copyright (c) 2007-2026 Broadcom Inc and/or its subsidiaries
2026-05-26 15:28:30.079000-06:00 [info] <0.209.0>  Licensed under the MPL 2.0. Website: https://rabbitmq.com
2026-05-26 15:28:30.081000-06:00 [info] <0.209.0> 
2026-05-26 15:28:30.081000-06:00 [info] <0.209.0>  node           : rabbit@localhost
2026-05-26 15:28:30.081000-06:00 [info] <0.209.0>  home dir       : c:/Users/joshu/Downloads/Proyecto bases/runtime/rabbitmq431
2026-05-26 15:28:30.081000-06:00 [info] <0.209.0>  config file(s) : (none)
2026-05-26 15:28:30.081000-06:00 [info] <0.209.0>  log(s)         : <stdout>
2026-05-26 15:28:30.081000-06:00 [info] <0.209.0>                 : c:/Users/joshu/Downloads/Proyecto bases/runtime/rabbitmq431/log/rabbit@localhost.log
2026-05-26 15:28:30.081000-06:00 [info] <0.209.0>  data dir       : c:/Users/joshu/Downloads/Proyecto bases/runtime/rabbitmq431/db/rabbit@localhost-mnesia
2026-05-26 15:28:30.379000-06:00 [notice] <0.258.0> Feature flags: attempt to enable `khepri_db`...
2026-05-26 15:28:30.525000-06:00 [notice] <0.258.0> Feature flags: `khepri_db` enabled
2026-05-26 15:28:30.525000-06:00 [notice] <0.258.0> Feature flags: attempt to enable `message_containers_deaths_v2`...
2026-05-26 15:28:30.540000-06:00 [notice] <0.258.0> Feature flags: `message_containers_deaths_v2` enabled
2026-05-26 15:28:30.540000-06:00 [notice] <0.258.0> Feature flags: attempt to enable `quorum_queue_non_voters`...
2026-05-26 15:28:30.553000-06:00 [notice] <0.258.0> Feature flags: `quorum_queue_non_voters` enabled
2026-05-26 15:28:30.554000-06:00 [notice] <0.258.0> Feature flags: attempt to enable `rabbit_exchange_type_local_random`...
2026-05-26 15:28:30.565000-06:00 [notice] <0.258.0> Feature flags: `rabbit_exchange_type_local_random` enabled
2026-05-26 15:28:30.565000-06:00 [notice] <0.258.0> Feature flags: attempt to enable `rabbitmq_4.0.0`...
2026-05-26 15:28:30.579000-06:00 [notice] <0.258.0> Feature flags: `rabbitmq_4.0.0` enabled
2026-05-26 15:28:30.579000-06:00 [notice] <0.258.0> Feature flags: attempt to enable `rabbitmq_4.1.0`...
2026-05-26 15:28:30.593000-06:00 [notice] <0.258.0> Feature flags: `rabbitmq_4.1.0` enabled
2026-05-26 15:28:30.593000-06:00 [notice] <0.258.0> Feature flags: attempt to enable `rabbitmq_4.2.0`...
2026-05-26 15:28:30.609000-06:00 [notice] <0.258.0> Feature flags: `rabbitmq_4.2.0` enabled
2026-05-26 15:28:30.616000-06:00 [info] <0.209.0> Running boot step pre_boot defined by app rabbit
2026-05-26 15:28:30.616000-06:00 [info] <0.209.0> Running boot step rabbit_global_counters defined by app rabbit
2026-05-26 15:28:30.617000-06:00 [info] <0.209.0> Running boot step rabbit_osiris_metrics defined by app rabbit
2026-05-26 15:28:30.617000-06:00 [info] <0.209.0> Running boot step rabbit_core_metrics defined by app rabbit
2026-05-26 15:28:30.617000-06:00 [info] <0.209.0> Running boot step worker_pool defined by app rabbit
2026-05-26 15:28:30.617000-06:00 [info] <0.257.0> Will use 16 processes for default worker pool
2026-05-26 15:28:30.617000-06:00 [info] <0.257.0> Starting worker pool 'worker_pool' with 16 processes in it
2026-05-26 15:28:30.650000-06:00 [info] <0.209.0> Running boot step rabbit_registry defined by app rabbit
2026-05-26 15:28:30.650000-06:00 [info] <0.209.0> Running boot step database defined by app rabbit
2026-05-26 15:28:30.651000-06:00 [info] <0.209.0> Peer discovery: configured backend: rabbit_peer_discovery_classic_config
2026-05-26 15:28:30.651000-06:00 [info] <0.258.0> Feature flags: starting an unclustered node for the first time: all stable feature flags will be enabled by default
2026-05-26 15:28:30.653000-06:00 [notice] <0.258.0> Feature flags: attempt to enable `tie_binding_to_dest_with_keep_while_cond`...
2026-05-26 15:28:30.657000-06:00 [notice] <0.258.0> Feature flags: attempt to enable `rabbitmq_4.3.0`...
2026-05-26 15:28:30.670000-06:00 [notice] <0.258.0> Feature flags: `rabbitmq_4.3.0` enabled
2026-05-26 15:28:31.131000-06:00 [notice] <0.258.0> Feature flags: `tie_binding_to_dest_with_keep_while_cond` enabled
2026-05-26 15:28:31.132000-06:00 [notice] <0.258.0> Feature flags: attempt to enable `topic_binding_projection_v5`...
2026-05-26 15:28:31.137000-06:00 [notice] <0.258.0> Feature flags: attempt to enable `topic_binding_projection_v4`...
2026-05-26 15:28:31.211000-06:00 [notice] <0.258.0> Feature flags: `topic_binding_projection_v4` enabled
2026-05-26 15:28:31.224000-06:00 [notice] <0.258.0> Feature flags: `topic_binding_projection_v5` enabled
2026-05-26 15:28:31.224000-06:00 [notice] <0.258.0> Feature flags: attempt to enable `track_qq_members_uids`...
2026-05-26 15:28:31.238000-06:00 [notice] <0.258.0> Feature flags: `track_qq_members_uids` enabled
2026-05-26 15:28:31.238000-06:00 [info] <0.209.0> DB: virgin node -> run peer discovery
2026-05-26 15:28:31.240000-06:00 [warning] <0.209.0> Classic peer discovery backend: list of nodes does not contain the local node []
2026-05-26 15:28:31.240000-06:00 [notice] <0.209.0> Found the following metadata store members: [{rabbitmq_metadata,
2026-05-26 15:28:31.240000-06:00 [notice] <0.209.0>                                               rabbit@localhost}]
2026-05-26 15:28:31.267000-06:00 [info] <0.209.0> Running boot step tracking_metadata_store defined by app rabbit
2026-05-26 15:28:31.267000-06:00 [info] <0.367.0> Setting up a table for connection tracking on this node: tracked_connection
2026-05-26 15:28:31.267000-06:00 [info] <0.367.0> Setting up a table for per-vhost connection counting on this node: tracked_connection_per_vhost
2026-05-26 15:28:31.267000-06:00 [info] <0.367.0> Setting up a table for per-user connection counting on this node: tracked_connection_per_user
2026-05-26 15:28:31.267000-06:00 [info] <0.367.0> Setting up a table for channel tracking on this node: tracked_channel
2026-05-26 15:28:31.267000-06:00 [info] <0.367.0> Setting up a table for channel tracking on this node: tracked_channel_per_user
2026-05-26 15:28:31.268000-06:00 [info] <0.209.0> Running boot step networking_metadata_store defined by app rabbit
2026-05-26 15:28:31.268000-06:00 [info] <0.209.0> Running boot step feature_flags defined by app rabbit
2026-05-26 15:28:31.268000-06:00 [info] <0.209.0> Running boot step rabbit_alarm defined by app rabbit
2026-05-26 15:28:31.320000-06:00 [info] <0.372.0> Memory high watermark set to 14556 MiB (15263519539 bytes) of 24260 MiB (25439199232 bytes) total
2026-05-26 15:28:31.327000-06:00 [info] <0.374.0> Enabling free disk space monitoring (disk free space: 21335916544, total memory: 25439199232)
2026-05-26 15:28:31.327000-06:00 [info] <0.374.0> Disk free limit set to 50MB
2026-05-26 15:28:31.330000-06:00 [info] <0.209.0> Running boot step auth_backend_plugins_check defined by app rabbit
2026-05-26 15:28:31.330000-06:00 [info] <0.209.0> Running boot step codec_correctness_check defined by app rabbit
2026-05-26 15:28:31.330000-06:00 [info] <0.209.0> Running boot step external_infrastructure defined by app rabbit
2026-05-26 15:28:31.330000-06:00 [info] <0.209.0> Running boot step rabbit_event defined by app rabbit
2026-05-26 15:28:31.330000-06:00 [info] <0.209.0> Running boot step rabbit_auth_mechanism_amqplain defined by app rabbit
2026-05-26 15:28:31.330000-06:00 [info] <0.209.0> Running boot step rabbit_auth_mechanism_anonymous defined by app rabbit
2026-05-26 15:28:31.330000-06:00 [info] <0.209.0> Running boot step rabbit_auth_mechanism_cr_demo defined by app rabbit
2026-05-26 15:28:31.330000-06:00 [info] <0.209.0> Running boot step rabbit_auth_mechanism_plain defined by app rabbit
2026-05-26 15:28:31.331000-06:00 [info] <0.209.0> Running boot step rabbit_exchange_type_direct defined by app rabbit
2026-05-26 15:28:31.331000-06:00 [info] <0.209.0> Running boot step rabbit_exchange_type_fanout defined by app rabbit
2026-05-26 15:28:31.331000-06:00 [info] <0.209.0> Running boot step rabbit_exchange_type_headers defined by app rabbit
2026-05-26 15:28:31.331000-06:00 [info] <0.209.0> Running boot step rabbit_exchange_type_local_random defined by app rabbit
2026-05-26 15:28:31.331000-06:00 [info] <0.209.0> Running boot step rabbit_exchange_type_modulus_hash defined by app rabbit
2026-05-26 15:28:31.331000-06:00 [info] <0.209.0> Running boot step rabbit_exchange_type_topic defined by app rabbit
2026-05-26 15:28:31.331000-06:00 [info] <0.209.0> Running boot step rabbit_priority_queue defined by app rabbit
2026-05-26 15:28:31.331000-06:00 [info] <0.209.0> Priority queues enabled, real BQ is rabbit_variable_queue
2026-05-26 15:28:31.331000-06:00 [info] <0.209.0> Running boot step kernel_ready defined by app rabbit
2026-05-26 15:28:31.331000-06:00 [info] <0.209.0> Running boot step pg_local_amqp_connection defined by app rabbit
2026-05-26 15:28:31.350000-06:00 [info] <0.209.0> Running boot step pg_local_amqp_session defined by app rabbit
2026-05-26 15:28:31.350000-06:00 [info] <0.209.0> Running boot step rabbit_sysmon_minder defined by app rabbit
2026-05-26 15:28:31.350000-06:00 [info] <0.209.0> Running boot step rabbit_epmd_monitor defined by app rabbit
2026-05-26 15:28:31.352000-06:00 [info] <0.382.0> epmd monitor knows us, inter-node communication (distribution) port: 25672
2026-05-26 15:28:31.352000-06:00 [info] <0.209.0> Running boot step guid_generator defined by app rabbit
2026-05-26 15:28:31.357000-06:00 [info] <0.209.0> Running boot step rabbit_node_monitor defined by app rabbit
2026-05-26 15:28:31.357000-06:00 [info] <0.386.0> Starting rabbit_node_monitor
2026-05-26 15:28:31.357000-06:00 [info] <0.209.0> Running boot step delegate_sup defined by app rabbit
2026-05-26 15:28:31.358000-06:00 [info] <0.209.0> Running boot step rabbit_chaos defined by app rabbit
2026-05-26 15:28:31.358000-06:00 [info] <0.209.0> Running boot step rabbit_fifo_dlx_sup defined by app rabbit
2026-05-26 15:28:31.358000-06:00 [info] <0.209.0> Running boot step core_initialized defined by app rabbit
2026-05-26 15:28:31.358000-06:00 [info] <0.209.0> Running boot step rabbit_channel_tracking_handler defined by app rabbit
2026-05-26 15:28:31.358000-06:00 [info] <0.209.0> Running boot step rabbit_classic_queue_type defined by app rabbit
2026-05-26 15:28:31.358000-06:00 [info] <0.209.0> Running boot step rabbit_classic_queue defined by app rabbit
2026-05-26 15:28:31.358000-06:00 [info] <0.209.0> Running boot step rabbit_connection_tracking_handler defined by app rabbit
2026-05-26 15:28:31.358000-06:00 [info] <0.209.0> Running boot step rabbit_definitions_hashing defined by app rabbit
2026-05-26 15:28:31.358000-06:00 [info] <0.209.0> Running boot step rabbit_exchange_parameters defined by app rabbit
2026-05-26 15:28:31.359000-06:00 [info] <0.209.0> Running boot step rabbit_policies defined by app rabbit
2026-05-26 15:28:31.360000-06:00 [info] <0.209.0> Running boot step rabbit_quorum_queue_type defined by app rabbit
2026-05-26 15:28:31.360000-06:00 [info] <0.209.0> Running boot step rabbit_stream_queue defined by app rabbit
2026-05-26 15:28:31.360000-06:00 [info] <0.209.0> Running boot step rabbit_policy defined by app rabbit
2026-05-26 15:28:31.360000-06:00 [info] <0.209.0> Running boot step rabbit_quorum_event_subscriber defined by app rabbit
2026-05-26 15:28:31.360000-06:00 [info] <0.209.0> Running boot step rabbit_quorum_queue defined by app rabbit
2026-05-26 15:28:31.360000-06:00 [info] <0.209.0> Running boot step quorum_memory_alarm_handler defined by app rabbit
2026-05-26 15:28:31.360000-06:00 [info] <0.209.0> Running boot step rabbit_stream_coordinator defined by app rabbit
2026-05-26 15:28:31.360000-06:00 [info] <0.209.0> Running boot step rabbit_vhost_limit defined by app rabbit
2026-05-26 15:28:31.360000-06:00 [info] <0.209.0> Running boot step recovery defined by app rabbit
2026-05-26 15:28:31.360000-06:00 [info] <0.209.0> Running boot step prevent_startup_if_node_was_reset defined by app rabbit
2026-05-26 15:28:31.360000-06:00 [info] <0.209.0> Running boot step empty_db_check defined by app rabbit
2026-05-26 15:28:31.361000-06:00 [info] <0.209.0> Will seed default virtual host and user...
2026-05-26 15:28:31.361000-06:00 [info] <0.209.0> Adding vhost '/' (description: 'Default virtual host', tags: [])
2026-05-26 15:28:31.381000-06:00 [info] <0.411.0> Making sure data directory 'c:/Users/joshu/Downloads/Proyecto bases/runtime/rabbitmq431/db/rabbit@localhost-mnesia/msg_stores/vhosts/628WB79CIFDYO9LJI6DKMI09L' for vhost '/' exists
2026-05-26 15:28:31.385000-06:00 [info] <0.411.0> Setting segment_entry_count for vhost '/' with 0 queues to '2048'
2026-05-26 15:28:31.413000-06:00 [info] <0.411.0> Starting message stores for vhost '/'
2026-05-26 15:28:31.416000-06:00 [info] <0.411.0> Started message store of type transient for vhost '/'
2026-05-26 15:28:31.485000-06:00 [warning] <0.424.0> Message store "628WB79CIFDYO9LJI6DKMI09L/msg_store_persistent": rebuilding indices from scratch
2026-05-26 15:28:31.488000-06:00 [info] <0.411.0> Started message store of type persistent for vhost '/'
2026-05-26 15:28:31.488000-06:00 [info] <0.411.0> Recovering 0 queues of type rabbit_classic_queue took 96ms
2026-05-26 15:28:31.488000-06:00 [info] <0.411.0> Recovering 0 queues of type rabbit_quorum_queue took 0ms
2026-05-26 15:28:31.488000-06:00 [info] <0.411.0> Recovering 0 queues of type rabbit_stream_queue took 0ms
2026-05-26 15:28:31.489000-06:00 [info] <0.209.0> Created user 'guest'
2026-05-26 15:28:31.531000-06:00 [info] <0.209.0> Successfully set user tags for user 'guest' to [administrator]
2026-05-26 15:28:31.550000-06:00 [info] <0.209.0> Successfully set permissions for user 'guest' in virtual host '/' to '.*', '.*', '.*'
2026-05-26 15:28:31.551000-06:00 [info] <0.209.0> Running boot step rabbit_observer_cli defined by app rabbit
2026-05-26 15:28:31.551000-06:00 [info] <0.209.0> Running boot step rabbit_core_metrics_gc defined by app rabbit
2026-05-26 15:28:31.551000-06:00 [info] <0.209.0> Running boot step background_gc defined by app rabbit
2026-05-26 15:28:31.551000-06:00 [info] <0.209.0> Running boot step rabbit_observer_cli_classic_queues defined by app rabbit
2026-05-26 15:28:31.551000-06:00 [info] <0.209.0> Running boot step rabbit_observer_cli_quorum_queues defined by app rabbit
2026-05-26 15:28:31.551000-06:00 [info] <0.209.0> Running boot step routing_ready defined by app rabbit
2026-05-26 15:28:31.551000-06:00 [info] <0.209.0> Running boot step pre_flight defined by app rabbit
2026-05-26 15:28:31.551000-06:00 [info] <0.209.0> Running boot step notify_cluster defined by app rabbit
2026-05-26 15:28:31.551000-06:00 [info] <0.209.0> Running boot step networking defined by app rabbit
2026-05-26 15:28:31.551000-06:00 [info] <0.209.0> Running boot step rabbit_quorum_queue_periodic_membership_reconciliation defined by app rabbit
2026-05-26 15:28:31.551000-06:00 [info] <0.209.0> Running boot step definition_import_worker_pool defined by app rabbit
2026-05-26 15:28:31.551000-06:00 [info] <0.257.0> Starting worker pool 'definition_import_pool' with 16 processes in it
2026-05-26 15:28:31.552000-06:00 [info] <0.209.0> Running boot step cluster_name defined by app rabbit
2026-05-26 15:28:31.552000-06:00 [info] <0.209.0> Initialising internal cluster ID to 'rabbitmq-cluster-id-bOr27wkS2WPe2jCGC29zzw'
2026-05-26 15:28:31.553000-06:00 [info] <0.209.0> Running boot step virtual_host_reconciliation defined by app rabbit
2026-05-26 15:28:31.553000-06:00 [info] <0.209.0> Running boot step direct_client defined by app rabbit
2026-05-26 15:28:31.553000-06:00 [info] <0.209.0> Running boot step logger_exchange defined by app rabbit
2026-05-26 15:28:31.554000-06:00 [info] <0.209.0> Running boot step cluster_tags defined by app rabbit
2026-05-26 15:28:31.554000-06:00 [info] <0.209.0> Running boot step queue_type_registrations defined by app rabbit
2026-05-26 15:28:31.554000-06:00 [info] <0.468.0> Resetting node maintenance status
2026-05-26 15:28:31.555000-06:00 [info] <0.468.0> Ready to start client connection listeners
2026-05-26 15:28:31.615000-06:00 [info] <0.486.0> started TCP listener on [::]:5672
2026-05-26 15:28:31.620000-06:00 [info] <0.504.0> started TCP listener on 0.0.0.0:5672
2026-05-26 15:28:31.990000-06:00 [info] <0.468.0> Server startup complete; 0 plugins started.
2026-05-26 15:28:32.169000-06:00 [info] <0.10.0> Time to start RabbitMQ: 10153 ms
2026-05-26 15:31:26.711000-06:00 [info] <0.542.0> accepting AMQP connection 127.0.0.1:61616 -> 127.0.0.1:5672
2026-05-26 15:31:26.760000-06:00 [info] <0.542.0> connection 127.0.0.1:61616 -> 127.0.0.1:5672 has a client-provided name: rabbitConnectionFactory#5ec6fede:0
2026-05-26 15:31:26.766000-06:00 [info] <0.542.0> connection 127.0.0.1:61616 -> 127.0.0.1:5672 - rabbitConnectionFactory#5ec6fede:0: user 'guest' authenticated and granted access to vhost '/'
2026-05-26 15:32:07.552000-06:00 [notice] <0.258.0> Feature flags: attempt to enable `detailed_queues_endpoint`...
2026-05-26 15:32:07.565000-06:00 [notice] <0.258.0> Feature flags: `detailed_queues_endpoint` enabled
2026-05-26 15:32:07.928000-06:00 [info] <0.664.0> Running boot step rabbit_mgmt_db_handler defined by app rabbitmq_management_agent
2026-05-26 15:32:07.928000-06:00 [info] <0.664.0> Management plugin: using rates mode 'basic'
2026-05-26 15:32:07.930000-06:00 [warning] <0.708.0> Deprecated features: `management_metrics_collection`: Feature `management_metrics_collection` is deprecated.
2026-05-26 15:32:07.930000-06:00 [warning] <0.708.0> By default, this feature can still be used for now.
2026-05-26 15:32:07.930000-06:00 [warning] <0.708.0> Its use will not be permitted by default in a future minor RabbitMQ version and the feature will be removed from a future major RabbitMQ version; actual versions to be determined.
2026-05-26 15:32:07.930000-06:00 [warning] <0.708.0> To continue using this feature when it is not permitted by default, set the following parameter in your configuration:
2026-05-26 15:32:07.930000-06:00 [warning] <0.708.0>     "deprecated_features.permit.management_metrics_collection = true"
2026-05-26 15:32:07.930000-06:00 [warning] <0.708.0> To test RabbitMQ as if the feature was removed, set this in your configuration:
2026-05-26 15:32:07.930000-06:00 [warning] <0.708.0>     "deprecated_features.permit.management_metrics_collection = false"
2026-05-26 15:32:07.944000-06:00 [warning] <0.709.0> Could not execute handle.exe, please install from https://learn.microsoft.com/en-us/sysinternals/downloads/handle
2026-05-26 15:32:07.948000-06:00 [info] <0.664.0> Running boot step rabbit_mgmt_reset_handler defined by app rabbitmq_management
2026-05-26 15:32:07.951000-06:00 [info] <0.664.0> Running boot step rabbit_management_load_definitions defined by app rabbitmq_management
2026-05-26 15:32:07.961000-06:00 [info] <0.744.0> Management plugin: HTTP (non-TLS) listener started on port 15672
2026-05-26 15:32:07.962000-06:00 [info] <0.772.0> Statistics database started.
2026-05-26 15:32:07.962000-06:00 [info] <0.771.0> Starting worker pool 'management_worker_pool' with 3 processes in it
2026-05-26 15:32:07.962000-06:00 [info] <0.664.0> Plugins changed; enabled [jose,oauth2_client,cowboy,amqp_client,
2026-05-26 15:32:07.962000-06:00 [info] <0.664.0>                           rabbitmq_web_dispatch,rabbitmq_management_agent,
2026-05-26 15:32:07.962000-06:00 [info] <0.664.0>                           rabbitmq_management]
2026-05-26 15:36:19.868000-06:00 [warning] <0.542.0> closing AMQP connection <0.542.0> (127.0.0.1:61616 -> 127.0.0.1:5672 - rabbitConnectionFactory#5ec6fede:0, vhost: '/', user: 'guest', duration: '4M, 53s'):
2026-05-26 15:36:19.868000-06:00 [warning] <0.542.0> client unexpectedly closed TCP connection
2026-05-26 15:36:30.130000-06:00 [info] <0.804.0> accepting AMQP connection 127.0.0.1:58066 -> 127.0.0.1:5672
2026-05-26 15:36:30.172000-06:00 [info] <0.804.0> connection 127.0.0.1:58066 -> 127.0.0.1:5672 has a client-provided name: rabbitConnectionFactory#8840c98:0
2026-05-26 15:36:30.179000-06:00 [info] <0.804.0> connection 127.0.0.1:58066 -> 127.0.0.1:5672 - rabbitConnectionFactory#8840c98:0: user 'guest' authenticated and granted access to vhost '/'
2026-05-26 15:37:44.365000-06:00 [warning] <0.804.0> closing AMQP connection <0.804.0> (127.0.0.1:58066 -> 127.0.0.1:5672 - rabbitConnectionFactory#8840c98:0, vhost: '/', user: 'guest', duration: '1M, 14s'):
2026-05-26 15:37:44.365000-06:00 [warning] <0.804.0> client unexpectedly closed TCP connection
2026-05-26 15:38:05.788000-06:00 [info] <0.825.0> accepting AMQP connection 127.0.0.1:49212 -> 127.0.0.1:5672
2026-05-26 15:38:05.832000-06:00 [info] <0.825.0> connection 127.0.0.1:49212 -> 127.0.0.1:5672 has a client-provided name: rabbitConnectionFactory#4b957db0:0
2026-05-26 15:38:05.845000-06:00 [info] <0.825.0> connection 127.0.0.1:49212 -> 127.0.0.1:5672 - rabbitConnectionFactory#4b957db0:0: user 'guest' authenticated and granted access to vhost '/'
2026-05-26 15:48:38.936000-06:00 [warning] <0.825.0> closing AMQP connection <0.825.0> (127.0.0.1:49212 -> 127.0.0.1:5672 - rabbitConnectionFactory#4b957db0:0, vhost: '/', user: 'guest', duration: '10M, 33s'):
2026-05-26 15:48:38.936000-06:00 [warning] <0.825.0> client unexpectedly closed TCP connection
2026-05-26 15:49:00.195000-06:00 [info] <0.873.0> accepting AMQP connection 127.0.0.1:54762 -> 127.0.0.1:5672
2026-05-26 15:49:00.242000-06:00 [info] <0.873.0> connection 127.0.0.1:54762 -> 127.0.0.1:5672 has a client-provided name: rabbitConnectionFactory#5c313224:0
2026-05-26 15:49:00.247000-06:00 [info] <0.873.0> connection 127.0.0.1:54762 -> 127.0.0.1:5672 - rabbitConnectionFactory#5c313224:0: user 'guest' authenticated and granted access to vhost '/'
2026-05-26 15:56:20.097000-06:00 [notice] <0.209.0> Logging: configured log handlers are now ACTIVE
2026-05-26 15:56:20.115000-06:00 [info] <0.209.0> ra: starting system coordination
2026-05-26 15:56:20.115000-06:00 [info] <0.209.0> starting Ra system: coordination in directory: c:/Users/joshu/Downloads/Proyecto bases/runtime/rabbitmq431/db/rabbit@localhost-mnesia/coordination/rabbit@localhost
2026-05-26 15:56:20.137000-06:00 [info] <0.217.0> ra_coordination_log_ets: in system coordination initialising. Mem table opts: [set,{write_concurrency,auto},public,{compressed,false}]
2026-05-26 15:56:20.254000-06:00 [info] <0.223.0> ra system 'coordination' running pre init for 1 registered servers
2026-05-26 15:56:20.299000-06:00 [info] <0.224.0> ra: meta data store initialised for system coordination. 1 record(s) recovered
2026-05-26 15:56:20.330000-06:00 [notice] <0.233.0> WAL in coordination initialising with name ra_coordination_log_wal
2026-05-26 15:56:20.429000-06:00 [info] <0.209.0> ra: starting system quorum_queues
2026-05-26 15:56:20.429000-06:00 [info] <0.209.0> starting Ra system: quorum_queues in directory: c:/Users/joshu/Downloads/Proyecto bases/runtime/rabbitmq431/db/rabbit@localhost-mnesia/quorum/rabbit@localhost
2026-05-26 15:56:20.429000-06:00 [info] <0.238.0> ra_log_ets: in system quorum_queues initialising. Mem table opts: [set,{write_concurrency,auto},public,{compressed,true}]
2026-05-26 15:56:20.432000-06:00 [info] <0.242.0> ra system 'quorum_queues' running pre init for 0 registered servers
2026-05-26 15:56:20.435000-06:00 [info] <0.243.0> ra: meta data store initialised for system quorum_queues. 0 record(s) recovered
2026-05-26 15:56:20.435000-06:00 [notice] <0.252.0> WAL in quorum_queues initialising with name ra_log_wal
2026-05-26 15:56:20.459000-06:00 [info] <0.254.0> ra_system_recover: ra system 'quorum_queues' server recovery strategy rabbit_quorum_queue:system_recover
2026-05-26 15:56:20.459000-06:00 [info] <0.254.0> [rabbit_quorum_queue:system_recover/1] rabbit not booted, skipping queue recovery
2026-05-26 15:56:20.459000-06:00 [info] <0.209.0> ra: starting system coordination
2026-05-26 15:56:20.459000-06:00 [info] <0.209.0> starting Ra system: coordination in directory: c:/Users/joshu/Downloads/Proyecto bases/runtime/rabbitmq431/db/rabbit@localhost-mnesia/coordination/rabbit@localhost
2026-05-26 15:56:21.381000-06:00 [notice] <0.256.0> RabbitMQ metadata store: candidate -> leader in term: 2 machine version: 3, last applied 72
2026-05-26 15:56:21.384000-06:00 [info] <0.209.0> 
2026-05-26 15:56:21.384000-06:00 [info] <0.209.0>  Starting RabbitMQ 4.3.1 on Erlang 27.3.4.11 [jit]
2026-05-26 15:56:21.384000-06:00 [info] <0.209.0>  Copyright (c) 2007-2026 Broadcom Inc and/or its subsidiaries
2026-05-26 15:56:21.384000-06:00 [info] <0.209.0>  Licensed under the MPL 2.0. Website: https://rabbitmq.com
2026-05-26 15:56:21.386000-06:00 [info] <0.209.0> 
2026-05-26 15:56:21.386000-06:00 [info] <0.209.0>  node           : rabbit@localhost
2026-05-26 15:56:21.386000-06:00 [info] <0.209.0>  home dir       : c:/Users/joshu/Downloads/Proyecto bases/runtime/rabbitmq431
2026-05-26 15:56:21.386000-06:00 [info] <0.209.0>  config file(s) : (none)
2026-05-26 15:56:21.386000-06:00 [info] <0.209.0>  log(s)         : <stdout>
2026-05-26 15:56:21.386000-06:00 [info] <0.209.0>                 : c:/Users/joshu/Downloads/Proyecto bases/runtime/rabbitmq431/log/rabbit@localhost.log
2026-05-26 15:56:21.386000-06:00 [info] <0.209.0>  data dir       : c:/Users/joshu/Downloads/Proyecto bases/runtime/rabbitmq431/db/rabbit@localhost-mnesia
2026-05-26 15:56:22.015000-06:00 [info] <0.209.0> Running boot step pre_boot defined by app rabbit
2026-05-26 15:56:22.015000-06:00 [info] <0.209.0> Running boot step rabbit_global_counters defined by app rabbit
2026-05-26 15:56:22.015000-06:00 [info] <0.209.0> Running boot step rabbit_osiris_metrics defined by app rabbit
2026-05-26 15:56:22.015000-06:00 [info] <0.209.0> Running boot step rabbit_core_metrics defined by app rabbit
2026-05-26 15:56:22.015000-06:00 [info] <0.209.0> Running boot step worker_pool defined by app rabbit
2026-05-26 15:56:22.015000-06:00 [info] <0.258.0> Will use 16 processes for default worker pool
2026-05-26 15:56:22.015000-06:00 [info] <0.258.0> Starting worker pool 'worker_pool' with 16 processes in it
2026-05-26 15:56:22.043000-06:00 [info] <0.209.0> Running boot step rabbit_registry defined by app rabbit
2026-05-26 15:56:22.045000-06:00 [info] <0.209.0> Running boot step database defined by app rabbit
2026-05-26 15:56:22.090000-06:00 [info] <0.209.0> Peer discovery: configured backend: rabbit_peer_discovery_classic_config
2026-05-26 15:56:22.094000-06:00 [notice] <0.209.0> Found the following metadata store members: [{rabbitmq_metadata,
2026-05-26 15:56:22.094000-06:00 [notice] <0.209.0>                                               rabbit@localhost}]
2026-05-26 15:56:22.464000-06:00 [info] <0.209.0> Running boot step tracking_metadata_store defined by app rabbit
2026-05-26 15:56:22.464000-06:00 [info] <0.299.0> Setting up a table for connection tracking on this node: tracked_connection
2026-05-26 15:56:22.464000-06:00 [info] <0.299.0> Setting up a table for per-vhost connection counting on this node: tracked_connection_per_vhost
2026-05-26 15:56:22.464000-06:00 [info] <0.299.0> Setting up a table for per-user connection counting on this node: tracked_connection_per_user
2026-05-26 15:56:22.464000-06:00 [info] <0.299.0> Setting up a table for channel tracking on this node: tracked_channel
2026-05-26 15:56:22.464000-06:00 [info] <0.299.0> Setting up a table for channel tracking on this node: tracked_channel_per_user
2026-05-26 15:56:22.464000-06:00 [info] <0.209.0> Running boot step networking_metadata_store defined by app rabbit
2026-05-26 15:56:22.464000-06:00 [info] <0.209.0> Running boot step feature_flags defined by app rabbit
2026-05-26 15:56:22.464000-06:00 [info] <0.209.0> Running boot step rabbit_alarm defined by app rabbit
2026-05-26 15:56:22.510000-06:00 [info] <0.304.0> Memory high watermark set to 14556 MiB (15263519539 bytes) of 24260 MiB (25439199232 bytes) total
2026-05-26 15:56:22.519000-06:00 [info] <0.306.0> Enabling free disk space monitoring (disk free space: 21394767872, total memory: 25439199232)
2026-05-26 15:56:22.519000-06:00 [info] <0.306.0> Disk free limit set to 50MB
2026-05-26 15:56:22.519000-06:00 [info] <0.209.0> Running boot step auth_backend_plugins_check defined by app rabbit
2026-05-26 15:56:22.519000-06:00 [info] <0.209.0> Running boot step codec_correctness_check defined by app rabbit
2026-05-26 15:56:22.519000-06:00 [info] <0.209.0> Running boot step external_infrastructure defined by app rabbit
2026-05-26 15:56:22.519000-06:00 [info] <0.209.0> Running boot step rabbit_event defined by app rabbit
2026-05-26 15:56:22.519000-06:00 [info] <0.209.0> Running boot step rabbit_auth_mechanism_amqplain defined by app rabbit
2026-05-26 15:56:22.519000-06:00 [info] <0.209.0> Running boot step rabbit_auth_mechanism_anonymous defined by app rabbit
2026-05-26 15:56:22.519000-06:00 [info] <0.209.0> Running boot step rabbit_auth_mechanism_cr_demo defined by app rabbit
2026-05-26 15:56:22.519000-06:00 [info] <0.209.0> Running boot step rabbit_auth_mechanism_plain defined by app rabbit
2026-05-26 15:56:22.519000-06:00 [info] <0.209.0> Running boot step rabbit_exchange_type_direct defined by app rabbit
2026-05-26 15:56:22.519000-06:00 [info] <0.209.0> Running boot step rabbit_exchange_type_fanout defined by app rabbit
2026-05-26 15:56:22.519000-06:00 [info] <0.209.0> Running boot step rabbit_exchange_type_headers defined by app rabbit
2026-05-26 15:56:22.519000-06:00 [info] <0.209.0> Running boot step rabbit_exchange_type_local_random defined by app rabbit
2026-05-26 15:56:22.519000-06:00 [info] <0.209.0> Running boot step rabbit_exchange_type_modulus_hash defined by app rabbit
2026-05-26 15:56:22.519000-06:00 [info] <0.209.0> Running boot step rabbit_exchange_type_topic defined by app rabbit
2026-05-26 15:56:22.519000-06:00 [info] <0.209.0> Running boot step rabbit_priority_queue defined by app rabbit
2026-05-26 15:56:22.519000-06:00 [info] <0.209.0> Priority queues enabled, real BQ is rabbit_variable_queue
2026-05-26 15:56:22.519000-06:00 [info] <0.209.0> Running boot step kernel_ready defined by app rabbit
2026-05-26 15:56:22.519000-06:00 [info] <0.209.0> Running boot step pg_local_amqp_connection defined by app rabbit
2026-05-26 15:56:22.537000-06:00 [info] <0.209.0> Running boot step pg_local_amqp_session defined by app rabbit
2026-05-26 15:56:22.537000-06:00 [info] <0.209.0> Running boot step rabbit_sysmon_minder defined by app rabbit
2026-05-26 15:56:22.537000-06:00 [info] <0.209.0> Running boot step rabbit_epmd_monitor defined by app rabbit
2026-05-26 15:56:22.539000-06:00 [info] <0.314.0> epmd monitor knows us, inter-node communication (distribution) port: 25672
2026-05-26 15:56:22.539000-06:00 [info] <0.209.0> Running boot step guid_generator defined by app rabbit
2026-05-26 15:56:22.545000-06:00 [info] <0.209.0> Running boot step rabbit_node_monitor defined by app rabbit
2026-05-26 15:56:22.547000-06:00 [info] <0.318.0> Starting rabbit_node_monitor
2026-05-26 15:56:22.547000-06:00 [info] <0.209.0> Running boot step delegate_sup defined by app rabbit
2026-05-26 15:56:22.547000-06:00 [info] <0.209.0> Running boot step rabbit_chaos defined by app rabbit
2026-05-26 15:56:22.547000-06:00 [info] <0.209.0> Running boot step rabbit_fifo_dlx_sup defined by app rabbit
2026-05-26 15:56:22.547000-06:00 [info] <0.209.0> Running boot step core_initialized defined by app rabbit
2026-05-26 15:56:22.547000-06:00 [info] <0.209.0> Running boot step rabbit_channel_tracking_handler defined by app rabbit
2026-05-26 15:56:22.547000-06:00 [info] <0.209.0> Running boot step rabbit_classic_queue_type defined by app rabbit
2026-05-26 15:56:22.548000-06:00 [info] <0.209.0> Running boot step rabbit_classic_queue defined by app rabbit
2026-05-26 15:56:22.548000-06:00 [info] <0.209.0> Running boot step rabbit_connection_tracking_handler defined by app rabbit
2026-05-26 15:56:22.548000-06:00 [info] <0.209.0> Running boot step rabbit_definitions_hashing defined by app rabbit
2026-05-26 15:56:22.548000-06:00 [info] <0.209.0> Running boot step rabbit_exchange_parameters defined by app rabbit
2026-05-26 15:56:22.548000-06:00 [info] <0.209.0> Running boot step rabbit_policies defined by app rabbit
2026-05-26 15:56:22.548000-06:00 [info] <0.209.0> Running boot step rabbit_quorum_queue_type defined by app rabbit
2026-05-26 15:56:22.548000-06:00 [info] <0.209.0> Running boot step rabbit_stream_queue defined by app rabbit
2026-05-26 15:56:22.548000-06:00 [info] <0.209.0> Running boot step rabbit_policy defined by app rabbit
2026-05-26 15:56:22.548000-06:00 [info] <0.209.0> Running boot step rabbit_quorum_event_subscriber defined by app rabbit
2026-05-26 15:56:22.548000-06:00 [info] <0.209.0> Running boot step rabbit_quorum_queue defined by app rabbit
2026-05-26 15:56:22.548000-06:00 [info] <0.209.0> Running boot step quorum_memory_alarm_handler defined by app rabbit
2026-05-26 15:56:22.548000-06:00 [info] <0.209.0> Running boot step rabbit_stream_coordinator defined by app rabbit
2026-05-26 15:56:22.548000-06:00 [info] <0.209.0> Running boot step rabbit_vhost_limit defined by app rabbit
2026-05-26 15:56:22.548000-06:00 [info] <0.209.0> Running boot step rabbit_mgmt_reset_handler defined by app rabbitmq_management
2026-05-26 15:56:22.548000-06:00 [info] <0.209.0> Running boot step rabbit_mgmt_db_handler defined by app rabbitmq_management_agent
2026-05-26 15:56:22.548000-06:00 [info] <0.209.0> Management plugin: using rates mode 'basic'
2026-05-26 15:56:22.548000-06:00 [info] <0.209.0> Running boot step recovery defined by app rabbit
2026-05-26 15:56:22.548000-06:00 [info] <0.346.0> Making sure data directory 'c:/Users/joshu/Downloads/Proyecto bases/runtime/rabbitmq431/db/rabbit@localhost-mnesia/msg_stores/vhosts/628WB79CIFDYO9LJI6DKMI09L' for vhost '/' exists
2026-05-26 15:56:22.586000-06:00 [info] <0.346.0> Starting message stores for vhost '/'
2026-05-26 15:56:22.591000-06:00 [info] <0.346.0> Started message store of type transient for vhost '/'
2026-05-26 15:56:22.643000-06:00 [warning] <0.360.0> Message store "628WB79CIFDYO9LJI6DKMI09L/msg_store_persistent": rebuilding indices from scratch
2026-05-26 15:56:22.648000-06:00 [info] <0.346.0> Started message store of type persistent for vhost '/'
2026-05-26 15:56:22.649000-06:00 [warning] <0.372.0> Queue veterinaria.operaciones in vhost / dropped 0/0/0 persistent messages and 0 transient messages after unclean shutdown
2026-05-26 15:56:22.649000-06:00 [info] <0.346.0> Recovering 1 queues of type rabbit_classic_queue took 85ms
2026-05-26 15:56:22.649000-06:00 [info] <0.346.0> Recovering 0 queues of type rabbit_quorum_queue took 0ms
2026-05-26 15:56:22.649000-06:00 [info] <0.346.0> Recovering 0 queues of type rabbit_stream_queue took 0ms
2026-05-26 15:56:22.649000-06:00 [info] <0.209.0> Running boot step prevent_startup_if_node_was_reset defined by app rabbit
2026-05-26 15:56:22.649000-06:00 [info] <0.209.0> Running boot step empty_db_check defined by app rabbit
2026-05-26 15:56:22.649000-06:00 [info] <0.209.0> Will not seed default virtual host and user: have definitions to load...
2026-05-26 15:56:22.649000-06:00 [info] <0.209.0> Running boot step rabbit_observer_cli defined by app rabbit
2026-05-26 15:56:22.649000-06:00 [info] <0.209.0> Running boot step rabbit_core_metrics_gc defined by app rabbit
2026-05-26 15:56:22.649000-06:00 [info] <0.209.0> Running boot step background_gc defined by app rabbit
2026-05-26 15:56:22.653000-06:00 [info] <0.209.0> Running boot step rabbit_observer_cli_classic_queues defined by app rabbit
2026-05-26 15:56:22.653000-06:00 [info] <0.209.0> Running boot step rabbit_observer_cli_quorum_queues defined by app rabbit
2026-05-26 15:56:22.653000-06:00 [info] <0.209.0> Running boot step routing_ready defined by app rabbit
2026-05-26 15:56:22.653000-06:00 [info] <0.209.0> Running boot step pre_flight defined by app rabbit
2026-05-26 15:56:22.653000-06:00 [info] <0.209.0> Running boot step notify_cluster defined by app rabbit
2026-05-26 15:56:22.653000-06:00 [info] <0.209.0> Running boot step networking defined by app rabbit
2026-05-26 15:56:22.653000-06:00 [info] <0.209.0> Running boot step rabbit_quorum_queue_periodic_membership_reconciliation defined by app rabbit
2026-05-26 15:56:22.653000-06:00 [info] <0.209.0> Running boot step definition_import_worker_pool defined by app rabbit
2026-05-26 15:56:22.653000-06:00 [info] <0.258.0> Starting worker pool 'definition_import_pool' with 16 processes in it
2026-05-26 15:56:22.654000-06:00 [info] <0.209.0> Running boot step cluster_name defined by app rabbit
2026-05-26 15:56:22.654000-06:00 [info] <0.209.0> Running boot step virtual_host_reconciliation defined by app rabbit
2026-05-26 15:56:22.654000-06:00 [info] <0.209.0> Running boot step direct_client defined by app rabbit
2026-05-26 15:56:22.654000-06:00 [info] <0.209.0> Running boot step logger_exchange defined by app rabbit
2026-05-26 15:56:22.654000-06:00 [info] <0.209.0> Running boot step cluster_tags defined by app rabbit
2026-05-26 15:56:22.656000-06:00 [info] <0.209.0> Running boot step queue_type_registrations defined by app rabbit
2026-05-26 15:56:22.656000-06:00 [info] <0.209.0> Running boot step rabbit_management_load_definitions defined by app rabbitmq_management
2026-05-26 15:56:22.656000-06:00 [info] <0.401.0> Resetting node maintenance status
2026-05-26 15:56:22.965000-06:00 [warning] <0.423.0> Deprecated features: `management_metrics_collection`: Feature `management_metrics_collection` is deprecated.
2026-05-26 15:56:22.965000-06:00 [warning] <0.423.0> By default, this feature can still be used for now.
2026-05-26 15:56:22.965000-06:00 [warning] <0.423.0> Its use will not be permitted by default in a future minor RabbitMQ version and the feature will be removed from a future major RabbitMQ version; actual versions to be determined.
2026-05-26 15:56:22.965000-06:00 [warning] <0.423.0> To continue using this feature when it is not permitted by default, set the following parameter in your configuration:
2026-05-26 15:56:22.965000-06:00 [warning] <0.423.0>     "deprecated_features.permit.management_metrics_collection = true"
2026-05-26 15:56:22.965000-06:00 [warning] <0.423.0> To test RabbitMQ as if the feature was removed, set this in your configuration:
2026-05-26 15:56:22.965000-06:00 [warning] <0.423.0>     "deprecated_features.permit.management_metrics_collection = false"
2026-05-26 15:56:22.976000-06:00 [warning] <0.424.0> Could not execute handle.exe, please install from https://learn.microsoft.com/en-us/sysinternals/downloads/handle
2026-05-26 15:56:23.060000-06:00 [info] <0.459.0> Management plugin: HTTP (non-TLS) listener started on port 15672
2026-05-26 15:56:23.060000-06:00 [info] <0.487.0> Statistics database started.
2026-05-26 15:56:23.060000-06:00 [info] <0.486.0> Starting worker pool 'management_worker_pool' with 3 processes in it
2026-05-26 15:56:23.060000-06:00 [info] <0.401.0> Ready to start client connection listeners
2026-05-26 15:56:23.063000-06:00 [info] <0.511.0> started TCP listener on [::]:5672
2026-05-26 15:56:23.066000-06:00 [info] <0.529.0> started TCP listener on 0.0.0.0:5672
2026-05-26 15:56:23.379000-06:00 [info] <0.401.0> Server startup complete; 3 plugins started.
2026-05-26 15:56:23.379000-06:00 [info] <0.401.0>  * rabbitmq_management
2026-05-26 15:56:23.379000-06:00 [info] <0.401.0>  * rabbitmq_management_agent
2026-05-26 15:56:23.379000-06:00 [info] <0.401.0>  * rabbitmq_web_dispatch
2026-05-26 15:56:23.489000-06:00 [info] <0.10.0> Time to start RabbitMQ: 7256 ms
2026-05-26 15:56:58.536000-06:00 [info] <0.537.0> accepting AMQP connection 127.0.0.1:52211 -> 127.0.0.1:5672
2026-05-26 15:56:58.584000-06:00 [info] <0.537.0> connection 127.0.0.1:52211 -> 127.0.0.1:5672 has a client-provided name: rabbitConnectionFactory#32a248fd:0
2026-05-26 15:56:58.590000-06:00 [info] <0.537.0> connection 127.0.0.1:52211 -> 127.0.0.1:5672 - rabbitConnectionFactory#32a248fd:0: user 'guest' authenticated and granted access to vhost '/'
2026-05-26 16:09:14.743000-06:00 [info] <0.537.0> closing AMQP connection (127.0.0.1:52211 -> 127.0.0.1:5672 - rabbitConnectionFactory#32a248fd:0, vhost: '/', user: 'guest', duration: '12M, 16s')
2026-05-26 16:09:19.344000-06:00 [info] <0.603.0> accepting AMQP connection 127.0.0.1:60550 -> 127.0.0.1:5672
2026-05-26 16:09:19.349000-06:00 [info] <0.603.0> connection 127.0.0.1:60550 -> 127.0.0.1:5672 has a client-provided name: rabbitConnectionFactory#38b094c:0
2026-05-26 16:09:19.349000-06:00 [info] <0.603.0> connection 127.0.0.1:60550 -> 127.0.0.1:5672 - rabbitConnectionFactory#38b094c:0: user 'guest' authenticated and granted access to vhost '/'
2026-05-26 16:10:07.702000-06:00 [warning] <0.603.0> closing AMQP connection <0.603.0> (127.0.0.1:60550 -> 127.0.0.1:5672 - rabbitConnectionFactory#38b094c:0, vhost: '/', user: 'guest', duration: '48s'):
2026-05-26 16:10:07.702000-06:00 [warning] <0.603.0> client unexpectedly closed TCP connection
2026-05-26 16:10:18.039000-06:00 [info] <0.622.0> accepting AMQP connection 127.0.0.1:56022 -> 127.0.0.1:5672
2026-05-26 16:10:18.091000-06:00 [info] <0.622.0> connection 127.0.0.1:56022 -> 127.0.0.1:5672 has a client-provided name: rabbitConnectionFactory#5eed6dfb:0
2026-05-26 16:10:18.098000-06:00 [info] <0.622.0> connection 127.0.0.1:56022 -> 127.0.0.1:5672 - rabbitConnectionFactory#5eed6dfb:0: user 'guest' authenticated and granted access to vhost '/'
2026-05-26 16:11:55.491000-06:00 [warning] <0.622.0> closing AMQP connection <0.622.0> (127.0.0.1:56022 -> 127.0.0.1:5672 - rabbitConnectionFactory#5eed6dfb:0, vhost: '/', user: 'guest', duration: '1M, 37s'):
2026-05-26 16:11:55.491000-06:00 [warning] <0.622.0> client unexpectedly closed TCP connection
2026-05-26 16:12:16.386000-06:00 [info] <0.645.0> accepting AMQP connection 127.0.0.1:55556 -> 127.0.0.1:5672
2026-05-26 16:12:16.433000-06:00 [info] <0.645.0> connection 127.0.0.1:55556 -> 127.0.0.1:5672 has a client-provided name: rabbitConnectionFactory#6c075e9d:0
2026-05-26 16:12:16.439000-06:00 [info] <0.645.0> connection 127.0.0.1:55556 -> 127.0.0.1:5672 - rabbitConnectionFactory#6c075e9d:0: user 'guest' authenticated and granted access to vhost '/'
2026-05-26 16:57:13.061000-06:00 [notice] <0.209.0> Logging: configured log handlers are now ACTIVE
2026-05-26 16:57:13.082000-06:00 [info] <0.209.0> ra: starting system coordination
2026-05-26 16:57:13.082000-06:00 [info] <0.209.0> starting Ra system: coordination in directory: c:/Users/joshu/Downloads/Proyecto bases/runtime/rabbitmq431/db/rabbit@localhost-mnesia/coordination/rabbit@localhost
2026-05-26 16:57:13.103000-06:00 [info] <0.217.0> ra_coordination_log_ets: in system coordination initialising. Mem table opts: [set,{write_concurrency,auto},public,{compressed,false}]
2026-05-26 16:57:13.237000-06:00 [info] <0.223.0> ra system 'coordination' running pre init for 1 registered servers
2026-05-26 16:57:13.286000-06:00 [info] <0.224.0> ra: meta data store initialised for system coordination. 1 record(s) recovered
2026-05-26 16:57:13.322000-06:00 [notice] <0.233.0> WAL in coordination initialising with name ra_coordination_log_wal
2026-05-26 16:57:13.466000-06:00 [info] <0.209.0> ra: starting system quorum_queues
2026-05-26 16:57:13.466000-06:00 [info] <0.209.0> starting Ra system: quorum_queues in directory: c:/Users/joshu/Downloads/Proyecto bases/runtime/rabbitmq431/db/rabbit@localhost-mnesia/quorum/rabbit@localhost
2026-05-26 16:57:13.466000-06:00 [info] <0.238.0> ra_log_ets: in system quorum_queues initialising. Mem table opts: [set,{write_concurrency,auto},public,{compressed,true}]
2026-05-26 16:57:13.471000-06:00 [info] <0.242.0> ra system 'quorum_queues' running pre init for 0 registered servers
2026-05-26 16:57:13.473000-06:00 [info] <0.243.0> ra: meta data store initialised for system quorum_queues. 0 record(s) recovered
2026-05-26 16:57:13.474000-06:00 [notice] <0.252.0> WAL in quorum_queues initialising with name ra_log_wal
2026-05-26 16:57:13.501000-06:00 [info] <0.254.0> ra_system_recover: ra system 'quorum_queues' server recovery strategy rabbit_quorum_queue:system_recover
2026-05-26 16:57:13.502000-06:00 [info] <0.254.0> [rabbit_quorum_queue:system_recover/1] rabbit not booted, skipping queue recovery
2026-05-26 16:57:13.502000-06:00 [info] <0.209.0> ra: starting system coordination
2026-05-26 16:57:13.502000-06:00 [info] <0.209.0> starting Ra system: coordination in directory: c:/Users/joshu/Downloads/Proyecto bases/runtime/rabbitmq431/db/rabbit@localhost-mnesia/coordination/rabbit@localhost
2026-05-26 16:57:14.482000-06:00 [notice] <0.256.0> RabbitMQ metadata store: candidate -> leader in term: 3 machine version: 3, last applied 112
2026-05-26 16:57:14.485000-06:00 [info] <0.209.0> 
2026-05-26 16:57:14.485000-06:00 [info] <0.209.0>  Starting RabbitMQ 4.3.1 on Erlang 27.3.4.11 [jit]
2026-05-26 16:57:14.485000-06:00 [info] <0.209.0>  Copyright (c) 2007-2026 Broadcom Inc and/or its subsidiaries
2026-05-26 16:57:14.485000-06:00 [info] <0.209.0>  Licensed under the MPL 2.0. Website: https://rabbitmq.com
2026-05-26 16:57:14.486000-06:00 [info] <0.209.0> 
2026-05-26 16:57:14.486000-06:00 [info] <0.209.0>  node           : rabbit@localhost
2026-05-26 16:57:14.486000-06:00 [info] <0.209.0>  home dir       : c:/Users/joshu/Downloads/Proyecto bases/runtime/rabbitmq431
2026-05-26 16:57:14.486000-06:00 [info] <0.209.0>  config file(s) : (none)
2026-05-26 16:57:14.486000-06:00 [info] <0.209.0>  log(s)         : <stdout>
2026-05-26 16:57:14.486000-06:00 [info] <0.209.0>                 : c:/Users/joshu/Downloads/Proyecto bases/runtime/rabbitmq431/log/rabbit@localhost.log
2026-05-26 16:57:14.486000-06:00 [info] <0.209.0>  data dir       : c:/Users/joshu/Downloads/Proyecto bases/runtime/rabbitmq431/db/rabbit@localhost-mnesia
2026-05-26 16:57:15.181000-06:00 [info] <0.209.0> Running boot step pre_boot defined by app rabbit
2026-05-26 16:57:15.181000-06:00 [info] <0.209.0> Running boot step rabbit_global_counters defined by app rabbit
2026-05-26 16:57:15.182000-06:00 [info] <0.209.0> Running boot step rabbit_osiris_metrics defined by app rabbit
2026-05-26 16:57:15.182000-06:00 [info] <0.209.0> Running boot step rabbit_core_metrics defined by app rabbit
2026-05-26 16:57:15.183000-06:00 [info] <0.209.0> Running boot step worker_pool defined by app rabbit
2026-05-26 16:57:15.183000-06:00 [info] <0.258.0> Will use 16 processes for default worker pool
2026-05-26 16:57:15.183000-06:00 [info] <0.258.0> Starting worker pool 'worker_pool' with 16 processes in it
2026-05-26 16:57:15.222000-06:00 [info] <0.209.0> Running boot step rabbit_registry defined by app rabbit
2026-05-26 16:57:15.223000-06:00 [info] <0.209.0> Running boot step database defined by app rabbit
2026-05-26 16:57:15.276000-06:00 [info] <0.209.0> Peer discovery: configured backend: rabbit_peer_discovery_classic_config
2026-05-26 16:57:15.277000-06:00 [notice] <0.209.0> Found the following metadata store members: [{rabbitmq_metadata,
2026-05-26 16:57:15.277000-06:00 [notice] <0.209.0>                                               rabbit@localhost}]
2026-05-26 16:57:15.812000-06:00 [info] <0.209.0> Running boot step tracking_metadata_store defined by app rabbit
2026-05-26 16:57:15.812000-06:00 [info] <0.299.0> Setting up a table for connection tracking on this node: tracked_connection
2026-05-26 16:57:15.812000-06:00 [info] <0.299.0> Setting up a table for per-vhost connection counting on this node: tracked_connection_per_vhost
2026-05-26 16:57:15.812000-06:00 [info] <0.299.0> Setting up a table for per-user connection counting on this node: tracked_connection_per_user
2026-05-26 16:57:15.812000-06:00 [info] <0.299.0> Setting up a table for channel tracking on this node: tracked_channel
2026-05-26 16:57:15.812000-06:00 [info] <0.299.0> Setting up a table for channel tracking on this node: tracked_channel_per_user
2026-05-26 16:57:15.812000-06:00 [info] <0.209.0> Running boot step networking_metadata_store defined by app rabbit
2026-05-26 16:57:15.812000-06:00 [info] <0.209.0> Running boot step feature_flags defined by app rabbit
2026-05-26 16:57:15.813000-06:00 [info] <0.209.0> Running boot step rabbit_alarm defined by app rabbit
2026-05-26 16:57:15.855000-06:00 [info] <0.304.0> Memory high watermark set to 14556 MiB (15263519539 bytes) of 24260 MiB (25439199232 bytes) total
2026-05-26 16:57:15.860000-06:00 [info] <0.306.0> Enabling free disk space monitoring (disk free space: 20372193280, total memory: 25439199232)
2026-05-26 16:57:15.860000-06:00 [info] <0.306.0> Disk free limit set to 50MB
2026-05-26 16:57:15.861000-06:00 [info] <0.209.0> Running boot step auth_backend_plugins_check defined by app rabbit
2026-05-26 16:57:15.861000-06:00 [info] <0.209.0> Running boot step codec_correctness_check defined by app rabbit
2026-05-26 16:57:15.861000-06:00 [info] <0.209.0> Running boot step external_infrastructure defined by app rabbit
2026-05-26 16:57:15.861000-06:00 [info] <0.209.0> Running boot step rabbit_event defined by app rabbit
2026-05-26 16:57:15.861000-06:00 [info] <0.209.0> Running boot step rabbit_auth_mechanism_amqplain defined by app rabbit
2026-05-26 16:57:15.861000-06:00 [info] <0.209.0> Running boot step rabbit_auth_mechanism_anonymous defined by app rabbit
2026-05-26 16:57:15.861000-06:00 [info] <0.209.0> Running boot step rabbit_auth_mechanism_cr_demo defined by app rabbit
2026-05-26 16:57:15.861000-06:00 [info] <0.209.0> Running boot step rabbit_auth_mechanism_plain defined by app rabbit
2026-05-26 16:57:15.861000-06:00 [info] <0.209.0> Running boot step rabbit_exchange_type_direct defined by app rabbit
2026-05-26 16:57:15.861000-06:00 [info] <0.209.0> Running boot step rabbit_exchange_type_fanout defined by app rabbit
2026-05-26 16:57:15.863000-06:00 [info] <0.209.0> Running boot step rabbit_exchange_type_headers defined by app rabbit
2026-05-26 16:57:15.863000-06:00 [info] <0.209.0> Running boot step rabbit_exchange_type_local_random defined by app rabbit
2026-05-26 16:57:15.863000-06:00 [info] <0.209.0> Running boot step rabbit_exchange_type_modulus_hash defined by app rabbit
2026-05-26 16:57:15.863000-06:00 [info] <0.209.0> Running boot step rabbit_exchange_type_topic defined by app rabbit
2026-05-26 16:57:15.863000-06:00 [info] <0.209.0> Running boot step rabbit_priority_queue defined by app rabbit
2026-05-26 16:57:15.863000-06:00 [info] <0.209.0> Priority queues enabled, real BQ is rabbit_variable_queue
2026-05-26 16:57:15.863000-06:00 [info] <0.209.0> Running boot step kernel_ready defined by app rabbit
2026-05-26 16:57:15.863000-06:00 [info] <0.209.0> Running boot step pg_local_amqp_connection defined by app rabbit
2026-05-26 16:57:15.881000-06:00 [info] <0.209.0> Running boot step pg_local_amqp_session defined by app rabbit
2026-05-26 16:57:15.882000-06:00 [info] <0.209.0> Running boot step rabbit_sysmon_minder defined by app rabbit
2026-05-26 16:57:15.882000-06:00 [info] <0.209.0> Running boot step rabbit_epmd_monitor defined by app rabbit
2026-05-26 16:57:15.884000-06:00 [info] <0.314.0> epmd monitor knows us, inter-node communication (distribution) port: 25672
2026-05-26 16:57:15.884000-06:00 [info] <0.209.0> Running boot step guid_generator defined by app rabbit
2026-05-26 16:57:15.893000-06:00 [info] <0.209.0> Running boot step rabbit_node_monitor defined by app rabbit
2026-05-26 16:57:15.893000-06:00 [info] <0.318.0> Starting rabbit_node_monitor
2026-05-26 16:57:15.894000-06:00 [info] <0.209.0> Running boot step delegate_sup defined by app rabbit
2026-05-26 16:57:15.894000-06:00 [info] <0.209.0> Running boot step rabbit_chaos defined by app rabbit
2026-05-26 16:57:15.894000-06:00 [info] <0.209.0> Running boot step rabbit_fifo_dlx_sup defined by app rabbit
2026-05-26 16:57:15.894000-06:00 [info] <0.209.0> Running boot step core_initialized defined by app rabbit
2026-05-26 16:57:15.894000-06:00 [info] <0.209.0> Running boot step rabbit_channel_tracking_handler defined by app rabbit
2026-05-26 16:57:15.894000-06:00 [info] <0.209.0> Running boot step rabbit_classic_queue_type defined by app rabbit
2026-05-26 16:57:15.895000-06:00 [info] <0.209.0> Running boot step rabbit_classic_queue defined by app rabbit
2026-05-26 16:57:15.895000-06:00 [info] <0.209.0> Running boot step rabbit_connection_tracking_handler defined by app rabbit
2026-05-26 16:57:15.895000-06:00 [info] <0.209.0> Running boot step rabbit_definitions_hashing defined by app rabbit
2026-05-26 16:57:15.896000-06:00 [info] <0.209.0> Running boot step rabbit_exchange_parameters defined by app rabbit
2026-05-26 16:57:15.897000-06:00 [info] <0.209.0> Running boot step rabbit_policies defined by app rabbit
2026-05-26 16:57:15.897000-06:00 [info] <0.209.0> Running boot step rabbit_quorum_queue_type defined by app rabbit
2026-05-26 16:57:15.897000-06:00 [info] <0.209.0> Running boot step rabbit_stream_queue defined by app rabbit
2026-05-26 16:57:15.897000-06:00 [info] <0.209.0> Running boot step rabbit_policy defined by app rabbit
2026-05-26 16:57:15.897000-06:00 [info] <0.209.0> Running boot step rabbit_quorum_event_subscriber defined by app rabbit
2026-05-26 16:57:15.897000-06:00 [info] <0.209.0> Running boot step rabbit_quorum_queue defined by app rabbit
2026-05-26 16:57:15.898000-06:00 [info] <0.209.0> Running boot step quorum_memory_alarm_handler defined by app rabbit
2026-05-26 16:57:15.898000-06:00 [info] <0.209.0> Running boot step rabbit_stream_coordinator defined by app rabbit
2026-05-26 16:57:15.898000-06:00 [info] <0.209.0> Running boot step rabbit_vhost_limit defined by app rabbit
2026-05-26 16:57:15.898000-06:00 [info] <0.209.0> Running boot step rabbit_mgmt_reset_handler defined by app rabbitmq_management
2026-05-26 16:57:15.898000-06:00 [info] <0.209.0> Running boot step rabbit_mgmt_db_handler defined by app rabbitmq_management_agent
2026-05-26 16:57:15.898000-06:00 [info] <0.209.0> Management plugin: using rates mode 'basic'
2026-05-26 16:57:15.899000-06:00 [info] <0.209.0> Running boot step recovery defined by app rabbit
2026-05-26 16:57:15.899000-06:00 [info] <0.346.0> Making sure data directory 'c:/Users/joshu/Downloads/Proyecto bases/runtime/rabbitmq431/db/rabbit@localhost-mnesia/msg_stores/vhosts/628WB79CIFDYO9LJI6DKMI09L' for vhost '/' exists
2026-05-26 16:57:15.939000-06:00 [info] <0.346.0> Starting message stores for vhost '/'
2026-05-26 16:57:15.946000-06:00 [info] <0.346.0> Started message store of type transient for vhost '/'
2026-05-26 16:57:16.012000-06:00 [warning] <0.360.0> Message store "628WB79CIFDYO9LJI6DKMI09L/msg_store_persistent": rebuilding indices from scratch
2026-05-26 16:57:16.016000-06:00 [info] <0.346.0> Started message store of type persistent for vhost '/'
2026-05-26 16:57:16.019000-06:00 [warning] <0.372.0> Queue veterinaria.operaciones in vhost / dropped 0/0/0 persistent messages and 0 transient messages after unclean shutdown
2026-05-26 16:57:16.020000-06:00 [info] <0.346.0> Recovering 1 queues of type rabbit_classic_queue took 103ms
2026-05-26 16:57:16.020000-06:00 [info] <0.346.0> Recovering 0 queues of type rabbit_quorum_queue took 0ms
2026-05-26 16:57:16.020000-06:00 [info] <0.346.0> Recovering 0 queues of type rabbit_stream_queue took 0ms
2026-05-26 16:57:16.020000-06:00 [info] <0.209.0> Running boot step prevent_startup_if_node_was_reset defined by app rabbit
2026-05-26 16:57:16.020000-06:00 [info] <0.209.0> Running boot step empty_db_check defined by app rabbit
2026-05-26 16:57:16.020000-06:00 [info] <0.209.0> Will not seed default virtual host and user: have definitions to load...
2026-05-26 16:57:16.020000-06:00 [info] <0.209.0> Running boot step rabbit_observer_cli defined by app rabbit
2026-05-26 16:57:16.020000-06:00 [info] <0.209.0> Running boot step rabbit_core_metrics_gc defined by app rabbit
2026-05-26 16:57:16.021000-06:00 [info] <0.209.0> Running boot step background_gc defined by app rabbit
2026-05-26 16:57:16.021000-06:00 [info] <0.209.0> Running boot step rabbit_observer_cli_classic_queues defined by app rabbit
2026-05-26 16:57:16.021000-06:00 [info] <0.209.0> Running boot step rabbit_observer_cli_quorum_queues defined by app rabbit
2026-05-26 16:57:16.021000-06:00 [info] <0.209.0> Running boot step routing_ready defined by app rabbit
2026-05-26 16:57:16.021000-06:00 [info] <0.209.0> Running boot step pre_flight defined by app rabbit
2026-05-26 16:57:16.021000-06:00 [info] <0.209.0> Running boot step notify_cluster defined by app rabbit
2026-05-26 16:57:16.021000-06:00 [info] <0.209.0> Running boot step networking defined by app rabbit
2026-05-26 16:57:16.021000-06:00 [info] <0.209.0> Running boot step rabbit_quorum_queue_periodic_membership_reconciliation defined by app rabbit
2026-05-26 16:57:16.021000-06:00 [info] <0.209.0> Running boot step definition_import_worker_pool defined by app rabbit
2026-05-26 16:57:16.021000-06:00 [info] <0.258.0> Starting worker pool 'definition_import_pool' with 16 processes in it
2026-05-26 16:57:16.022000-06:00 [info] <0.209.0> Running boot step cluster_name defined by app rabbit
2026-05-26 16:57:16.022000-06:00 [info] <0.209.0> Running boot step virtual_host_reconciliation defined by app rabbit
2026-05-26 16:57:16.022000-06:00 [info] <0.209.0> Running boot step direct_client defined by app rabbit
2026-05-26 16:57:16.022000-06:00 [info] <0.209.0> Running boot step logger_exchange defined by app rabbit
2026-05-26 16:57:16.022000-06:00 [info] <0.209.0> Running boot step cluster_tags defined by app rabbit
2026-05-26 16:57:16.024000-06:00 [info] <0.209.0> Running boot step queue_type_registrations defined by app rabbit
2026-05-26 16:57:16.024000-06:00 [info] <0.209.0> Running boot step rabbit_management_load_definitions defined by app rabbitmq_management
2026-05-26 16:57:16.024000-06:00 [info] <0.401.0> Resetting node maintenance status
2026-05-26 16:57:16.436000-06:00 [warning] <0.423.0> Deprecated features: `management_metrics_collection`: Feature `management_metrics_collection` is deprecated.
2026-05-26 16:57:16.436000-06:00 [warning] <0.423.0> By default, this feature can still be used for now.
2026-05-26 16:57:16.436000-06:00 [warning] <0.423.0> Its use will not be permitted by default in a future minor RabbitMQ version and the feature will be removed from a future major RabbitMQ version; actual versions to be determined.
2026-05-26 16:57:16.436000-06:00 [warning] <0.423.0> To continue using this feature when it is not permitted by default, set the following parameter in your configuration:
2026-05-26 16:57:16.436000-06:00 [warning] <0.423.0>     "deprecated_features.permit.management_metrics_collection = true"
2026-05-26 16:57:16.436000-06:00 [warning] <0.423.0> To test RabbitMQ as if the feature was removed, set this in your configuration:
2026-05-26 16:57:16.436000-06:00 [warning] <0.423.0>     "deprecated_features.permit.management_metrics_collection = false"
2026-05-26 16:57:16.452000-06:00 [warning] <0.424.0> Could not execute handle.exe, please install from https://learn.microsoft.com/en-us/sysinternals/downloads/handle
2026-05-26 16:57:16.529000-06:00 [info] <0.459.0> Management plugin: HTTP (non-TLS) listener started on port 15672
2026-05-26 16:57:16.529000-06:00 [info] <0.487.0> Statistics database started.
2026-05-26 16:57:16.529000-06:00 [info] <0.486.0> Starting worker pool 'management_worker_pool' with 3 processes in it
2026-05-26 16:57:16.530000-06:00 [info] <0.401.0> Ready to start client connection listeners
2026-05-26 16:57:16.534000-06:00 [info] <0.511.0> started TCP listener on [::]:5672
2026-05-26 16:57:16.536000-06:00 [info] <0.529.0> started TCP listener on 0.0.0.0:5672
2026-05-26 16:57:17.015000-06:00 [info] <0.401.0> Server startup complete; 3 plugins started.
2026-05-26 16:57:17.015000-06:00 [info] <0.401.0>  * rabbitmq_management
2026-05-26 16:57:17.015000-06:00 [info] <0.401.0>  * rabbitmq_management_agent
2026-05-26 16:57:17.015000-06:00 [info] <0.401.0>  * rabbitmq_web_dispatch
2026-05-26 16:57:17.055000-06:00 [info] <0.10.0> Time to start RabbitMQ: 8343 ms
2026-05-26 16:57:30.907000-06:00 [info] <0.535.0> accepting AMQP connection 127.0.0.1:57400 -> 127.0.0.1:5672
2026-05-26 16:57:30.957000-06:00 [info] <0.535.0> connection 127.0.0.1:57400 -> 127.0.0.1:5672 has a client-provided name: rabbitConnectionFactory#404f4a12:0
2026-05-26 16:57:30.964000-06:00 [info] <0.535.0> connection 127.0.0.1:57400 -> 127.0.0.1:5672 - rabbitConnectionFactory#404f4a12:0: user 'guest' authenticated and granted access to vhost '/'
2026-05-26 21:20:22.801000-06:00 [notice] <0.209.0> Logging: configured log handlers are now ACTIVE
2026-05-26 21:20:22.819000-06:00 [info] <0.209.0> ra: starting system coordination
2026-05-26 21:20:22.819000-06:00 [info] <0.209.0> starting Ra system: coordination in directory: c:/Users/joshu/Downloads/Proyecto bases/runtime/rabbitmq431/db/rabbit@localhost-mnesia/coordination/rabbit@localhost
2026-05-26 21:20:22.837000-06:00 [info] <0.217.0> ra_coordination_log_ets: in system coordination initialising. Mem table opts: [set,{write_concurrency,auto},public,{compressed,false}]
2026-05-26 21:20:22.963000-06:00 [info] <0.223.0> ra system 'coordination' running pre init for 1 registered servers
2026-05-26 21:20:23.010000-06:00 [info] <0.224.0> ra: meta data store initialised for system coordination. 1 record(s) recovered
2026-05-26 21:20:23.039000-06:00 [notice] <0.233.0> WAL in coordination initialising with name ra_coordination_log_wal
2026-05-26 21:20:23.142000-06:00 [info] <0.209.0> ra: starting system quorum_queues
2026-05-26 21:20:23.142000-06:00 [info] <0.209.0> starting Ra system: quorum_queues in directory: c:/Users/joshu/Downloads/Proyecto bases/runtime/rabbitmq431/db/rabbit@localhost-mnesia/quorum/rabbit@localhost
2026-05-26 21:20:23.142000-06:00 [info] <0.238.0> ra_log_ets: in system quorum_queues initialising. Mem table opts: [set,{write_concurrency,auto},public,{compressed,true}]
2026-05-26 21:20:23.144000-06:00 [info] <0.242.0> ra system 'quorum_queues' running pre init for 0 registered servers
2026-05-26 21:20:23.146000-06:00 [info] <0.243.0> ra: meta data store initialised for system quorum_queues. 0 record(s) recovered
2026-05-26 21:20:23.146000-06:00 [notice] <0.252.0> WAL in quorum_queues initialising with name ra_log_wal
2026-05-26 21:20:23.166000-06:00 [info] <0.254.0> ra_system_recover: ra system 'quorum_queues' server recovery strategy rabbit_quorum_queue:system_recover
2026-05-26 21:20:23.166000-06:00 [info] <0.254.0> [rabbit_quorum_queue:system_recover/1] rabbit not booted, skipping queue recovery
2026-05-26 21:20:23.167000-06:00 [info] <0.209.0> ra: starting system coordination
2026-05-26 21:20:23.167000-06:00 [info] <0.209.0> starting Ra system: coordination in directory: c:/Users/joshu/Downloads/Proyecto bases/runtime/rabbitmq431/db/rabbit@localhost-mnesia/coordination/rabbit@localhost
2026-05-26 21:20:23.854000-06:00 [notice] <0.256.0> RabbitMQ metadata store: candidate -> leader in term: 4 machine version: 3, last applied 140
2026-05-26 21:20:23.856000-06:00 [info] <0.209.0> 
2026-05-26 21:20:23.856000-06:00 [info] <0.209.0>  Starting RabbitMQ 4.3.1 on Erlang 27.3.4.11 [jit]
2026-05-26 21:20:23.856000-06:00 [info] <0.209.0>  Copyright (c) 2007-2026 Broadcom Inc and/or its subsidiaries
2026-05-26 21:20:23.856000-06:00 [info] <0.209.0>  Licensed under the MPL 2.0. Website: https://rabbitmq.com
2026-05-26 21:20:23.858000-06:00 [info] <0.209.0> 
2026-05-26 21:20:23.858000-06:00 [info] <0.209.0>  node           : rabbit@localhost
2026-05-26 21:20:23.858000-06:00 [info] <0.209.0>  home dir       : c:/Users/joshu/Downloads/Proyecto bases/runtime/rabbitmq431
2026-05-26 21:20:23.858000-06:00 [info] <0.209.0>  config file(s) : (none)
2026-05-26 21:20:23.858000-06:00 [info] <0.209.0>  log(s)         : <stdout>
2026-05-26 21:20:23.858000-06:00 [info] <0.209.0>                 : c:/Users/joshu/Downloads/Proyecto bases/runtime/rabbitmq431/log/rabbit@localhost.log
2026-05-26 21:20:23.858000-06:00 [info] <0.209.0>  data dir       : c:/Users/joshu/Downloads/Proyecto bases/runtime/rabbitmq431/db/rabbit@localhost-mnesia
2026-05-26 21:20:24.467000-06:00 [info] <0.209.0> Running boot step pre_boot defined by app rabbit
2026-05-26 21:20:24.467000-06:00 [info] <0.209.0> Running boot step rabbit_global_counters defined by app rabbit
2026-05-26 21:20:24.468000-06:00 [info] <0.209.0> Running boot step rabbit_osiris_metrics defined by app rabbit
2026-05-26 21:20:24.468000-06:00 [info] <0.209.0> Running boot step rabbit_core_metrics defined by app rabbit
2026-05-26 21:20:24.469000-06:00 [info] <0.209.0> Running boot step worker_pool defined by app rabbit
2026-05-26 21:20:24.469000-06:00 [info] <0.258.0> Will use 16 processes for default worker pool
2026-05-26 21:20:24.469000-06:00 [info] <0.258.0> Starting worker pool 'worker_pool' with 16 processes in it
2026-05-26 21:20:24.508000-06:00 [info] <0.209.0> Running boot step rabbit_registry defined by app rabbit
2026-05-26 21:20:24.508000-06:00 [info] <0.209.0> Running boot step database defined by app rabbit
2026-05-26 21:20:24.556000-06:00 [info] <0.209.0> Peer discovery: configured backend: rabbit_peer_discovery_classic_config
2026-05-26 21:20:24.557000-06:00 [notice] <0.209.0> Found the following metadata store members: [{rabbitmq_metadata,
2026-05-26 21:20:24.557000-06:00 [notice] <0.209.0>                                               rabbit@localhost}]
2026-05-26 21:20:24.932000-06:00 [info] <0.209.0> Running boot step tracking_metadata_store defined by app rabbit
2026-05-26 21:20:24.932000-06:00 [info] <0.299.0> Setting up a table for connection tracking on this node: tracked_connection
2026-05-26 21:20:24.933000-06:00 [info] <0.299.0> Setting up a table for per-vhost connection counting on this node: tracked_connection_per_vhost
2026-05-26 21:20:24.933000-06:00 [info] <0.299.0> Setting up a table for per-user connection counting on this node: tracked_connection_per_user
2026-05-26 21:20:24.933000-06:00 [info] <0.299.0> Setting up a table for channel tracking on this node: tracked_channel
2026-05-26 21:20:24.933000-06:00 [info] <0.299.0> Setting up a table for channel tracking on this node: tracked_channel_per_user
2026-05-26 21:20:24.933000-06:00 [info] <0.209.0> Running boot step networking_metadata_store defined by app rabbit
2026-05-26 21:20:24.933000-06:00 [info] <0.209.0> Running boot step feature_flags defined by app rabbit
2026-05-26 21:20:24.933000-06:00 [info] <0.209.0> Running boot step rabbit_alarm defined by app rabbit
2026-05-26 21:20:24.971000-06:00 [info] <0.304.0> Memory high watermark set to 14556 MiB (15263519539 bytes) of 24260 MiB (25439199232 bytes) total
2026-05-26 21:20:24.981000-06:00 [info] <0.306.0> Enabling free disk space monitoring (disk free space: 19007111168, total memory: 25439199232)
2026-05-26 21:20:24.981000-06:00 [info] <0.306.0> Disk free limit set to 50MB
2026-05-26 21:20:24.982000-06:00 [info] <0.209.0> Running boot step auth_backend_plugins_check defined by app rabbit
2026-05-26 21:20:24.982000-06:00 [info] <0.209.0> Running boot step codec_correctness_check defined by app rabbit
2026-05-26 21:20:24.982000-06:00 [info] <0.209.0> Running boot step external_infrastructure defined by app rabbit
2026-05-26 21:20:24.982000-06:00 [info] <0.209.0> Running boot step rabbit_event defined by app rabbit
2026-05-26 21:20:24.982000-06:00 [info] <0.209.0> Running boot step rabbit_auth_mechanism_amqplain defined by app rabbit
2026-05-26 21:20:24.982000-06:00 [info] <0.209.0> Running boot step rabbit_auth_mechanism_anonymous defined by app rabbit
2026-05-26 21:20:24.982000-06:00 [info] <0.209.0> Running boot step rabbit_auth_mechanism_cr_demo defined by app rabbit
2026-05-26 21:20:24.982000-06:00 [info] <0.209.0> Running boot step rabbit_auth_mechanism_plain defined by app rabbit
2026-05-26 21:20:24.982000-06:00 [info] <0.209.0> Running boot step rabbit_exchange_type_direct defined by app rabbit
2026-05-26 21:20:24.982000-06:00 [info] <0.209.0> Running boot step rabbit_exchange_type_fanout defined by app rabbit
2026-05-26 21:20:24.982000-06:00 [info] <0.209.0> Running boot step rabbit_exchange_type_headers defined by app rabbit
2026-05-26 21:20:24.982000-06:00 [info] <0.209.0> Running boot step rabbit_exchange_type_local_random defined by app rabbit
2026-05-26 21:20:24.982000-06:00 [info] <0.209.0> Running boot step rabbit_exchange_type_modulus_hash defined by app rabbit
2026-05-26 21:20:24.982000-06:00 [info] <0.209.0> Running boot step rabbit_exchange_type_topic defined by app rabbit
2026-05-26 21:20:24.982000-06:00 [info] <0.209.0> Running boot step rabbit_priority_queue defined by app rabbit
2026-05-26 21:20:24.982000-06:00 [info] <0.209.0> Priority queues enabled, real BQ is rabbit_variable_queue
2026-05-26 21:20:24.982000-06:00 [info] <0.209.0> Running boot step kernel_ready defined by app rabbit
2026-05-26 21:20:24.982000-06:00 [info] <0.209.0> Running boot step pg_local_amqp_connection defined by app rabbit
2026-05-26 21:20:25.002000-06:00 [info] <0.209.0> Running boot step pg_local_amqp_session defined by app rabbit
2026-05-26 21:20:25.002000-06:00 [info] <0.209.0> Running boot step rabbit_sysmon_minder defined by app rabbit
2026-05-26 21:20:25.002000-06:00 [info] <0.209.0> Running boot step rabbit_epmd_monitor defined by app rabbit
2026-05-26 21:20:25.004000-06:00 [info] <0.314.0> epmd monitor knows us, inter-node communication (distribution) port: 25672
2026-05-26 21:20:25.004000-06:00 [info] <0.209.0> Running boot step guid_generator defined by app rabbit
2026-05-26 21:20:25.011000-06:00 [info] <0.209.0> Running boot step rabbit_node_monitor defined by app rabbit
2026-05-26 21:20:25.011000-06:00 [info] <0.318.0> Starting rabbit_node_monitor
2026-05-26 21:20:25.011000-06:00 [info] <0.209.0> Running boot step delegate_sup defined by app rabbit
2026-05-26 21:20:25.011000-06:00 [info] <0.209.0> Running boot step rabbit_chaos defined by app rabbit
2026-05-26 21:20:25.011000-06:00 [info] <0.209.0> Running boot step rabbit_fifo_dlx_sup defined by app rabbit
2026-05-26 21:20:25.011000-06:00 [info] <0.209.0> Running boot step core_initialized defined by app rabbit
2026-05-26 21:20:25.011000-06:00 [info] <0.209.0> Running boot step rabbit_channel_tracking_handler defined by app rabbit
2026-05-26 21:20:25.012000-06:00 [info] <0.209.0> Running boot step rabbit_classic_queue_type defined by app rabbit
2026-05-26 21:20:25.012000-06:00 [info] <0.209.0> Running boot step rabbit_classic_queue defined by app rabbit
2026-05-26 21:20:25.012000-06:00 [info] <0.209.0> Running boot step rabbit_connection_tracking_handler defined by app rabbit
2026-05-26 21:20:25.012000-06:00 [info] <0.209.0> Running boot step rabbit_definitions_hashing defined by app rabbit
2026-05-26 21:20:25.012000-06:00 [info] <0.209.0> Running boot step rabbit_exchange_parameters defined by app rabbit
2026-05-26 21:20:25.012000-06:00 [info] <0.209.0> Running boot step rabbit_policies defined by app rabbit
2026-05-26 21:20:25.013000-06:00 [info] <0.209.0> Running boot step rabbit_quorum_queue_type defined by app rabbit
2026-05-26 21:20:25.013000-06:00 [info] <0.209.0> Running boot step rabbit_stream_queue defined by app rabbit
2026-05-26 21:20:25.013000-06:00 [info] <0.209.0> Running boot step rabbit_policy defined by app rabbit
2026-05-26 21:20:25.013000-06:00 [info] <0.209.0> Running boot step rabbit_quorum_event_subscriber defined by app rabbit
2026-05-26 21:20:25.013000-06:00 [info] <0.209.0> Running boot step rabbit_quorum_queue defined by app rabbit
2026-05-26 21:20:25.013000-06:00 [info] <0.209.0> Running boot step quorum_memory_alarm_handler defined by app rabbit
2026-05-26 21:20:25.013000-06:00 [info] <0.209.0> Running boot step rabbit_stream_coordinator defined by app rabbit
2026-05-26 21:20:25.013000-06:00 [info] <0.209.0> Running boot step rabbit_vhost_limit defined by app rabbit
2026-05-26 21:20:25.013000-06:00 [info] <0.209.0> Running boot step rabbit_mgmt_reset_handler defined by app rabbitmq_management
2026-05-26 21:20:25.013000-06:00 [info] <0.209.0> Running boot step rabbit_mgmt_db_handler defined by app rabbitmq_management_agent
2026-05-26 21:20:25.013000-06:00 [info] <0.209.0> Management plugin: using rates mode 'basic'
2026-05-26 21:20:25.013000-06:00 [info] <0.209.0> Running boot step recovery defined by app rabbit
2026-05-26 21:20:25.014000-06:00 [info] <0.346.0> Making sure data directory 'c:/Users/joshu/Downloads/Proyecto bases/runtime/rabbitmq431/db/rabbit@localhost-mnesia/msg_stores/vhosts/628WB79CIFDYO9LJI6DKMI09L' for vhost '/' exists
2026-05-26 21:20:25.048000-06:00 [info] <0.346.0> Starting message stores for vhost '/'
2026-05-26 21:20:25.053000-06:00 [info] <0.346.0> Started message store of type transient for vhost '/'
2026-05-26 21:20:25.117000-06:00 [warning] <0.360.0> Message store "628WB79CIFDYO9LJI6DKMI09L/msg_store_persistent": rebuilding indices from scratch
2026-05-26 21:20:25.121000-06:00 [info] <0.346.0> Started message store of type persistent for vhost '/'
2026-05-26 21:20:25.123000-06:00 [warning] <0.372.0> Queue veterinaria.operaciones in vhost / dropped 0/0/0 persistent messages and 0 transient messages after unclean shutdown
2026-05-26 21:20:25.123000-06:00 [info] <0.346.0> Recovering 1 queues of type rabbit_classic_queue took 94ms
2026-05-26 21:20:25.123000-06:00 [info] <0.346.0> Recovering 0 queues of type rabbit_quorum_queue took 0ms
2026-05-26 21:20:25.123000-06:00 [info] <0.346.0> Recovering 0 queues of type rabbit_stream_queue took 0ms
2026-05-26 21:20:25.125000-06:00 [info] <0.209.0> Running boot step prevent_startup_if_node_was_reset defined by app rabbit
2026-05-26 21:20:25.125000-06:00 [info] <0.209.0> Running boot step empty_db_check defined by app rabbit
2026-05-26 21:20:25.125000-06:00 [info] <0.209.0> Will not seed default virtual host and user: have definitions to load...
2026-05-26 21:20:25.125000-06:00 [info] <0.209.0> Running boot step rabbit_observer_cli defined by app rabbit
2026-05-26 21:20:25.125000-06:00 [info] <0.209.0> Running boot step rabbit_core_metrics_gc defined by app rabbit
2026-05-26 21:20:25.125000-06:00 [info] <0.209.0> Running boot step background_gc defined by app rabbit
2026-05-26 21:20:25.125000-06:00 [info] <0.209.0> Running boot step rabbit_observer_cli_classic_queues defined by app rabbit
2026-05-26 21:20:25.125000-06:00 [info] <0.209.0> Running boot step rabbit_observer_cli_quorum_queues defined by app rabbit
2026-05-26 21:20:25.125000-06:00 [info] <0.209.0> Running boot step routing_ready defined by app rabbit
2026-05-26 21:20:25.125000-06:00 [info] <0.209.0> Running boot step pre_flight defined by app rabbit
2026-05-26 21:20:25.125000-06:00 [info] <0.209.0> Running boot step notify_cluster defined by app rabbit
2026-05-26 21:20:25.125000-06:00 [info] <0.209.0> Running boot step networking defined by app rabbit
2026-05-26 21:20:25.125000-06:00 [info] <0.209.0> Running boot step rabbit_quorum_queue_periodic_membership_reconciliation defined by app rabbit
2026-05-26 21:20:25.125000-06:00 [info] <0.209.0> Running boot step definition_import_worker_pool defined by app rabbit
2026-05-26 21:20:25.125000-06:00 [info] <0.258.0> Starting worker pool 'definition_import_pool' with 16 processes in it
2026-05-26 21:20:25.125000-06:00 [info] <0.209.0> Running boot step cluster_name defined by app rabbit
2026-05-26 21:20:25.125000-06:00 [info] <0.209.0> Running boot step virtual_host_reconciliation defined by app rabbit
2026-05-26 21:20:25.125000-06:00 [info] <0.209.0> Running boot step direct_client defined by app rabbit
2026-05-26 21:20:25.125000-06:00 [info] <0.209.0> Running boot step logger_exchange defined by app rabbit
2026-05-26 21:20:25.126000-06:00 [info] <0.209.0> Running boot step cluster_tags defined by app rabbit
2026-05-26 21:20:25.127000-06:00 [info] <0.209.0> Running boot step queue_type_registrations defined by app rabbit
2026-05-26 21:20:25.127000-06:00 [info] <0.209.0> Running boot step rabbit_management_load_definitions defined by app rabbitmq_management
2026-05-26 21:20:25.127000-06:00 [info] <0.401.0> Resetting node maintenance status
2026-05-26 21:20:25.599000-06:00 [warning] <0.423.0> Deprecated features: `management_metrics_collection`: Feature `management_metrics_collection` is deprecated.
2026-05-26 21:20:25.599000-06:00 [warning] <0.423.0> By default, this feature can still be used for now.
2026-05-26 21:20:25.599000-06:00 [warning] <0.423.0> Its use will not be permitted by default in a future minor RabbitMQ version and the feature will be removed from a future major RabbitMQ version; actual versions to be determined.
2026-05-26 21:20:25.599000-06:00 [warning] <0.423.0> To continue using this feature when it is not permitted by default, set the following parameter in your configuration:
2026-05-26 21:20:25.599000-06:00 [warning] <0.423.0>     "deprecated_features.permit.management_metrics_collection = true"
2026-05-26 21:20:25.599000-06:00 [warning] <0.423.0> To test RabbitMQ as if the feature was removed, set this in your configuration:
2026-05-26 21:20:25.599000-06:00 [warning] <0.423.0>     "deprecated_features.permit.management_metrics_collection = false"
2026-05-26 21:20:25.615000-06:00 [warning] <0.424.0> Could not execute handle.exe, please install from https://learn.microsoft.com/en-us/sysinternals/downloads/handle
2026-05-26 21:20:25.692000-06:00 [info] <0.459.0> Management plugin: HTTP (non-TLS) listener started on port 15672
2026-05-26 21:20:25.692000-06:00 [info] <0.487.0> Statistics database started.
2026-05-26 21:20:25.693000-06:00 [info] <0.486.0> Starting worker pool 'management_worker_pool' with 3 processes in it
2026-05-26 21:20:25.693000-06:00 [info] <0.401.0> Ready to start client connection listeners
2026-05-26 21:20:25.697000-06:00 [info] <0.511.0> started TCP listener on [::]:5672
2026-05-26 21:20:25.698000-06:00 [info] <0.529.0> started TCP listener on 0.0.0.0:5672
2026-05-26 21:20:26.044000-06:00 [info] <0.401.0> Server startup complete; 3 plugins started.
2026-05-26 21:20:26.044000-06:00 [info] <0.401.0>  * rabbitmq_management
2026-05-26 21:20:26.044000-06:00 [info] <0.401.0>  * rabbitmq_management_agent
2026-05-26 21:20:26.044000-06:00 [info] <0.401.0>  * rabbitmq_web_dispatch
2026-05-26 21:20:26.148000-06:00 [info] <0.10.0> Time to start RabbitMQ: 6875 ms
2026-05-26 21:22:03.209000-06:00 [notice] <0.209.0> Logging: configured log handlers are now ACTIVE
2026-05-26 21:22:03.236000-06:00 [info] <0.209.0> ra: starting system coordination
2026-05-26 21:22:03.236000-06:00 [info] <0.209.0> starting Ra system: coordination in directory: c:/Users/joshu/Downloads/Proyecto bases/runtime/rabbitmq431/db/rabbit@localhost-mnesia/coordination/rabbit@localhost
2026-05-26 21:22:03.254000-06:00 [info] <0.217.0> ra_coordination_log_ets: in system coordination initialising. Mem table opts: [set,{write_concurrency,auto},public,{compressed,false}]
2026-05-26 21:22:03.383000-06:00 [info] <0.223.0> ra system 'coordination' running pre init for 1 registered servers
2026-05-26 21:22:03.428000-06:00 [info] <0.224.0> ra: meta data store initialised for system coordination. 1 record(s) recovered
2026-05-26 21:22:03.460000-06:00 [notice] <0.233.0> WAL in coordination initialising with name ra_coordination_log_wal
2026-05-26 21:22:03.568000-06:00 [info] <0.209.0> ra: starting system quorum_queues
2026-05-26 21:22:03.568000-06:00 [info] <0.209.0> starting Ra system: quorum_queues in directory: c:/Users/joshu/Downloads/Proyecto bases/runtime/rabbitmq431/db/rabbit@localhost-mnesia/quorum/rabbit@localhost
2026-05-26 21:22:03.569000-06:00 [info] <0.238.0> ra_log_ets: in system quorum_queues initialising. Mem table opts: [set,{write_concurrency,auto},public,{compressed,true}]
2026-05-26 21:22:03.571000-06:00 [info] <0.242.0> ra system 'quorum_queues' running pre init for 0 registered servers
2026-05-26 21:22:03.573000-06:00 [info] <0.243.0> ra: meta data store initialised for system quorum_queues. 0 record(s) recovered
2026-05-26 21:22:03.574000-06:00 [notice] <0.252.0> WAL in quorum_queues initialising with name ra_log_wal
2026-05-26 21:22:03.594000-06:00 [info] <0.254.0> ra_system_recover: ra system 'quorum_queues' server recovery strategy rabbit_quorum_queue:system_recover
2026-05-26 21:22:03.594000-06:00 [info] <0.254.0> [rabbit_quorum_queue:system_recover/1] rabbit not booted, skipping queue recovery
2026-05-26 21:22:03.594000-06:00 [info] <0.209.0> ra: starting system coordination
2026-05-26 21:22:03.594000-06:00 [info] <0.209.0> starting Ra system: coordination in directory: c:/Users/joshu/Downloads/Proyecto bases/runtime/rabbitmq431/db/rabbit@localhost-mnesia/coordination/rabbit@localhost
2026-05-26 21:22:04.178000-06:00 [notice] <0.256.0> RabbitMQ metadata store: candidate -> leader in term: 5 machine version: 3, last applied 164
2026-05-26 21:22:04.180000-06:00 [info] <0.209.0> 
2026-05-26 21:22:04.180000-06:00 [info] <0.209.0>  Starting RabbitMQ 4.3.1 on Erlang 27.3.4.11 [jit]
2026-05-26 21:22:04.180000-06:00 [info] <0.209.0>  Copyright (c) 2007-2026 Broadcom Inc and/or its subsidiaries
2026-05-26 21:22:04.180000-06:00 [info] <0.209.0>  Licensed under the MPL 2.0. Website: https://rabbitmq.com
2026-05-26 21:22:04.182000-06:00 [info] <0.209.0> 
2026-05-26 21:22:04.182000-06:00 [info] <0.209.0>  node           : rabbit@localhost
2026-05-26 21:22:04.182000-06:00 [info] <0.209.0>  home dir       : c:/Users/joshu/Downloads/Proyecto bases/runtime/rabbitmq431
2026-05-26 21:22:04.182000-06:00 [info] <0.209.0>  config file(s) : (none)
2026-05-26 21:22:04.182000-06:00 [info] <0.209.0>  log(s)         : <stdout>
2026-05-26 21:22:04.182000-06:00 [info] <0.209.0>                 : c:/Users/joshu/Downloads/Proyecto bases/runtime/rabbitmq431/log/rabbit@localhost.log
2026-05-26 21:22:04.182000-06:00 [info] <0.209.0>  data dir       : c:/Users/joshu/Downloads/Proyecto bases/runtime/rabbitmq431/db/rabbit@localhost-mnesia
2026-05-26 21:22:04.764000-06:00 [info] <0.209.0> Running boot step pre_boot defined by app rabbit
2026-05-26 21:22:04.764000-06:00 [info] <0.209.0> Running boot step rabbit_global_counters defined by app rabbit
2026-05-26 21:22:04.765000-06:00 [info] <0.209.0> Running boot step rabbit_osiris_metrics defined by app rabbit
2026-05-26 21:22:04.765000-06:00 [info] <0.209.0> Running boot step rabbit_core_metrics defined by app rabbit
2026-05-26 21:22:04.766000-06:00 [info] <0.209.0> Running boot step worker_pool defined by app rabbit
2026-05-26 21:22:04.766000-06:00 [info] <0.258.0> Will use 16 processes for default worker pool
2026-05-26 21:22:04.766000-06:00 [info] <0.258.0> Starting worker pool 'worker_pool' with 16 processes in it
2026-05-26 21:22:04.801000-06:00 [info] <0.209.0> Running boot step rabbit_registry defined by app rabbit
2026-05-26 21:22:04.801000-06:00 [info] <0.209.0> Running boot step database defined by app rabbit
2026-05-26 21:22:04.851000-06:00 [info] <0.209.0> Peer discovery: configured backend: rabbit_peer_discovery_classic_config
2026-05-26 21:22:04.851000-06:00 [notice] <0.209.0> Found the following metadata store members: [{rabbitmq_metadata,
2026-05-26 21:22:04.851000-06:00 [notice] <0.209.0>                                               rabbit@localhost}]
2026-05-26 21:22:05.288000-06:00 [info] <0.209.0> Running boot step tracking_metadata_store defined by app rabbit
2026-05-26 21:22:05.288000-06:00 [info] <0.299.0> Setting up a table for connection tracking on this node: tracked_connection
2026-05-26 21:22:05.288000-06:00 [info] <0.299.0> Setting up a table for per-vhost connection counting on this node: tracked_connection_per_vhost
2026-05-26 21:22:05.288000-06:00 [info] <0.299.0> Setting up a table for per-user connection counting on this node: tracked_connection_per_user
2026-05-26 21:22:05.288000-06:00 [info] <0.299.0> Setting up a table for channel tracking on this node: tracked_channel
2026-05-26 21:22:05.288000-06:00 [info] <0.299.0> Setting up a table for channel tracking on this node: tracked_channel_per_user
2026-05-26 21:22:05.288000-06:00 [info] <0.209.0> Running boot step networking_metadata_store defined by app rabbit
2026-05-26 21:22:05.288000-06:00 [info] <0.209.0> Running boot step feature_flags defined by app rabbit
2026-05-26 21:22:05.288000-06:00 [info] <0.209.0> Running boot step rabbit_alarm defined by app rabbit
2026-05-26 21:22:05.332000-06:00 [info] <0.304.0> Memory high watermark set to 14556 MiB (15263519539 bytes) of 24260 MiB (25439199232 bytes) total
2026-05-26 21:22:05.338000-06:00 [info] <0.306.0> Enabling free disk space monitoring (disk free space: 18964639744, total memory: 25439199232)
2026-05-26 21:22:05.338000-06:00 [info] <0.306.0> Disk free limit set to 50MB
2026-05-26 21:22:05.338000-06:00 [info] <0.209.0> Running boot step auth_backend_plugins_check defined by app rabbit
2026-05-26 21:22:05.338000-06:00 [info] <0.209.0> Running boot step codec_correctness_check defined by app rabbit
2026-05-26 21:22:05.338000-06:00 [info] <0.209.0> Running boot step external_infrastructure defined by app rabbit
2026-05-26 21:22:05.338000-06:00 [info] <0.209.0> Running boot step rabbit_event defined by app rabbit
2026-05-26 21:22:05.338000-06:00 [info] <0.209.0> Running boot step rabbit_auth_mechanism_amqplain defined by app rabbit
2026-05-26 21:22:05.338000-06:00 [info] <0.209.0> Running boot step rabbit_auth_mechanism_anonymous defined by app rabbit
2026-05-26 21:22:05.339000-06:00 [info] <0.209.0> Running boot step rabbit_auth_mechanism_cr_demo defined by app rabbit
2026-05-26 21:22:05.339000-06:00 [info] <0.209.0> Running boot step rabbit_auth_mechanism_plain defined by app rabbit
2026-05-26 21:22:05.339000-06:00 [info] <0.209.0> Running boot step rabbit_exchange_type_direct defined by app rabbit
2026-05-26 21:22:05.339000-06:00 [info] <0.209.0> Running boot step rabbit_exchange_type_fanout defined by app rabbit
2026-05-26 21:22:05.339000-06:00 [info] <0.209.0> Running boot step rabbit_exchange_type_headers defined by app rabbit
2026-05-26 21:22:05.339000-06:00 [info] <0.209.0> Running boot step rabbit_exchange_type_local_random defined by app rabbit
2026-05-26 21:22:05.339000-06:00 [info] <0.209.0> Running boot step rabbit_exchange_type_modulus_hash defined by app rabbit
2026-05-26 21:22:05.339000-06:00 [info] <0.209.0> Running boot step rabbit_exchange_type_topic defined by app rabbit
2026-05-26 21:22:05.339000-06:00 [info] <0.209.0> Running boot step rabbit_priority_queue defined by app rabbit
2026-05-26 21:22:05.339000-06:00 [info] <0.209.0> Priority queues enabled, real BQ is rabbit_variable_queue
2026-05-26 21:22:05.339000-06:00 [info] <0.209.0> Running boot step kernel_ready defined by app rabbit
2026-05-26 21:22:05.339000-06:00 [info] <0.209.0> Running boot step pg_local_amqp_connection defined by app rabbit
2026-05-26 21:22:05.354000-06:00 [info] <0.209.0> Running boot step pg_local_amqp_session defined by app rabbit
2026-05-26 21:22:05.354000-06:00 [info] <0.209.0> Running boot step rabbit_sysmon_minder defined by app rabbit
2026-05-26 21:22:05.354000-06:00 [info] <0.209.0> Running boot step rabbit_epmd_monitor defined by app rabbit
2026-05-26 21:22:05.358000-06:00 [info] <0.314.0> epmd monitor knows us, inter-node communication (distribution) port: 25672
2026-05-26 21:22:05.359000-06:00 [info] <0.209.0> Running boot step guid_generator defined by app rabbit
2026-05-26 21:22:05.364000-06:00 [info] <0.209.0> Running boot step rabbit_node_monitor defined by app rabbit
2026-05-26 21:22:05.364000-06:00 [info] <0.318.0> Starting rabbit_node_monitor
2026-05-26 21:22:05.364000-06:00 [info] <0.209.0> Running boot step delegate_sup defined by app rabbit
2026-05-26 21:22:05.366000-06:00 [info] <0.209.0> Running boot step rabbit_chaos defined by app rabbit
2026-05-26 21:22:05.366000-06:00 [info] <0.209.0> Running boot step rabbit_fifo_dlx_sup defined by app rabbit
2026-05-26 21:22:05.366000-06:00 [info] <0.209.0> Running boot step core_initialized defined by app rabbit
2026-05-26 21:22:05.366000-06:00 [info] <0.209.0> Running boot step rabbit_channel_tracking_handler defined by app rabbit
2026-05-26 21:22:05.366000-06:00 [info] <0.209.0> Running boot step rabbit_classic_queue_type defined by app rabbit
2026-05-26 21:22:05.366000-06:00 [info] <0.209.0> Running boot step rabbit_classic_queue defined by app rabbit
2026-05-26 21:22:05.366000-06:00 [info] <0.209.0> Running boot step rabbit_connection_tracking_handler defined by app rabbit
2026-05-26 21:22:05.366000-06:00 [info] <0.209.0> Running boot step rabbit_definitions_hashing defined by app rabbit
2026-05-26 21:22:05.366000-06:00 [info] <0.209.0> Running boot step rabbit_exchange_parameters defined by app rabbit
2026-05-26 21:22:05.367000-06:00 [info] <0.209.0> Running boot step rabbit_policies defined by app rabbit
2026-05-26 21:22:05.367000-06:00 [info] <0.209.0> Running boot step rabbit_quorum_queue_type defined by app rabbit
2026-05-26 21:22:05.367000-06:00 [info] <0.209.0> Running boot step rabbit_stream_queue defined by app rabbit
2026-05-26 21:22:05.367000-06:00 [info] <0.209.0> Running boot step rabbit_policy defined by app rabbit
2026-05-26 21:22:05.367000-06:00 [info] <0.209.0> Running boot step rabbit_quorum_event_subscriber defined by app rabbit
2026-05-26 21:22:05.367000-06:00 [info] <0.209.0> Running boot step rabbit_quorum_queue defined by app rabbit
2026-05-26 21:22:05.368000-06:00 [info] <0.209.0> Running boot step quorum_memory_alarm_handler defined by app rabbit
2026-05-26 21:22:05.368000-06:00 [info] <0.209.0> Running boot step rabbit_stream_coordinator defined by app rabbit
2026-05-26 21:22:05.368000-06:00 [info] <0.209.0> Running boot step rabbit_vhost_limit defined by app rabbit
2026-05-26 21:22:05.368000-06:00 [info] <0.209.0> Running boot step rabbit_mgmt_reset_handler defined by app rabbitmq_management
2026-05-26 21:22:05.368000-06:00 [info] <0.209.0> Running boot step rabbit_mgmt_db_handler defined by app rabbitmq_management_agent
2026-05-26 21:22:05.368000-06:00 [info] <0.209.0> Management plugin: using rates mode 'basic'
2026-05-26 21:22:05.368000-06:00 [info] <0.209.0> Running boot step recovery defined by app rabbit
2026-05-26 21:22:05.369000-06:00 [info] <0.346.0> Making sure data directory 'c:/Users/joshu/Downloads/Proyecto bases/runtime/rabbitmq431/db/rabbit@localhost-mnesia/msg_stores/vhosts/628WB79CIFDYO9LJI6DKMI09L' for vhost '/' exists
2026-05-26 21:22:05.403000-06:00 [info] <0.346.0> Starting message stores for vhost '/'
2026-05-26 21:22:05.409000-06:00 [info] <0.346.0> Started message store of type transient for vhost '/'
2026-05-26 21:22:05.485000-06:00 [warning] <0.360.0> Message store "628WB79CIFDYO9LJI6DKMI09L/msg_store_persistent": rebuilding indices from scratch
2026-05-26 21:22:05.488000-06:00 [info] <0.346.0> Started message store of type persistent for vhost '/'
2026-05-26 21:22:05.492000-06:00 [warning] <0.372.0> Queue veterinaria.operaciones in vhost / dropped 0/0/0 persistent messages and 0 transient messages after unclean shutdown
2026-05-26 21:22:05.492000-06:00 [info] <0.346.0> Recovering 1 queues of type rabbit_classic_queue took 107ms
2026-05-26 21:22:05.492000-06:00 [info] <0.346.0> Recovering 0 queues of type rabbit_quorum_queue took 0ms
2026-05-26 21:22:05.492000-06:00 [info] <0.346.0> Recovering 0 queues of type rabbit_stream_queue took 0ms
2026-05-26 21:22:05.492000-06:00 [info] <0.209.0> Running boot step prevent_startup_if_node_was_reset defined by app rabbit
2026-05-26 21:22:05.492000-06:00 [info] <0.209.0> Running boot step empty_db_check defined by app rabbit
2026-05-26 21:22:05.492000-06:00 [info] <0.209.0> Will not seed default virtual host and user: have definitions to load...
2026-05-26 21:22:05.492000-06:00 [info] <0.209.0> Running boot step rabbit_observer_cli defined by app rabbit
2026-05-26 21:22:05.493000-06:00 [info] <0.209.0> Running boot step rabbit_core_metrics_gc defined by app rabbit
2026-05-26 21:22:05.493000-06:00 [info] <0.209.0> Running boot step background_gc defined by app rabbit
2026-05-26 21:22:05.493000-06:00 [info] <0.209.0> Running boot step rabbit_observer_cli_classic_queues defined by app rabbit
2026-05-26 21:22:05.493000-06:00 [info] <0.209.0> Running boot step rabbit_observer_cli_quorum_queues defined by app rabbit
2026-05-26 21:22:05.493000-06:00 [info] <0.209.0> Running boot step routing_ready defined by app rabbit
2026-05-26 21:22:05.493000-06:00 [info] <0.209.0> Running boot step pre_flight defined by app rabbit
2026-05-26 21:22:05.493000-06:00 [info] <0.209.0> Running boot step notify_cluster defined by app rabbit
2026-05-26 21:22:05.493000-06:00 [info] <0.209.0> Running boot step networking defined by app rabbit
2026-05-26 21:22:05.493000-06:00 [info] <0.209.0> Running boot step rabbit_quorum_queue_periodic_membership_reconciliation defined by app rabbit
2026-05-26 21:22:05.493000-06:00 [info] <0.209.0> Running boot step definition_import_worker_pool defined by app rabbit
2026-05-26 21:22:05.493000-06:00 [info] <0.258.0> Starting worker pool 'definition_import_pool' with 16 processes in it
2026-05-26 21:22:05.493000-06:00 [info] <0.209.0> Running boot step cluster_name defined by app rabbit
2026-05-26 21:22:05.493000-06:00 [info] <0.209.0> Running boot step virtual_host_reconciliation defined by app rabbit
2026-05-26 21:22:05.493000-06:00 [info] <0.209.0> Running boot step direct_client defined by app rabbit
2026-05-26 21:22:05.493000-06:00 [info] <0.209.0> Running boot step logger_exchange defined by app rabbit
2026-05-26 21:22:05.495000-06:00 [info] <0.209.0> Running boot step cluster_tags defined by app rabbit
2026-05-26 21:22:05.496000-06:00 [info] <0.209.0> Running boot step queue_type_registrations defined by app rabbit
2026-05-26 21:22:05.496000-06:00 [info] <0.209.0> Running boot step rabbit_management_load_definitions defined by app rabbitmq_management
2026-05-26 21:22:05.496000-06:00 [info] <0.401.0> Resetting node maintenance status
2026-05-26 21:22:05.836000-06:00 [warning] <0.423.0> Deprecated features: `management_metrics_collection`: Feature `management_metrics_collection` is deprecated.
2026-05-26 21:22:05.836000-06:00 [warning] <0.423.0> By default, this feature can still be used for now.
2026-05-26 21:22:05.836000-06:00 [warning] <0.423.0> Its use will not be permitted by default in a future minor RabbitMQ version and the feature will be removed from a future major RabbitMQ version; actual versions to be determined.
2026-05-26 21:22:05.836000-06:00 [warning] <0.423.0> To continue using this feature when it is not permitted by default, set the following parameter in your configuration:
2026-05-26 21:22:05.836000-06:00 [warning] <0.423.0>     "deprecated_features.permit.management_metrics_collection = true"
2026-05-26 21:22:05.836000-06:00 [warning] <0.423.0> To test RabbitMQ as if the feature was removed, set this in your configuration:
2026-05-26 21:22:05.836000-06:00 [warning] <0.423.0>     "deprecated_features.permit.management_metrics_collection = false"
2026-05-26 21:22:05.851000-06:00 [warning] <0.424.0> Could not execute handle.exe, please install from https://learn.microsoft.com/en-us/sysinternals/downloads/handle
2026-05-26 21:22:05.924000-06:00 [info] <0.459.0> Management plugin: HTTP (non-TLS) listener started on port 15672
2026-05-26 21:22:05.924000-06:00 [info] <0.487.0> Statistics database started.
2026-05-26 21:22:05.924000-06:00 [info] <0.486.0> Starting worker pool 'management_worker_pool' with 3 processes in it
2026-05-26 21:22:05.924000-06:00 [info] <0.401.0> Ready to start client connection listeners
2026-05-26 21:22:05.929000-06:00 [info] <0.511.0> started TCP listener on [::]:5672
2026-05-26 21:22:05.930000-06:00 [info] <0.529.0> started TCP listener on 0.0.0.0:5672
2026-05-26 21:22:06.243000-06:00 [info] <0.401.0> Server startup complete; 3 plugins started.
2026-05-26 21:22:06.243000-06:00 [info] <0.401.0>  * rabbitmq_management
2026-05-26 21:22:06.243000-06:00 [info] <0.401.0>  * rabbitmq_management_agent
2026-05-26 21:22:06.243000-06:00 [info] <0.401.0>  * rabbitmq_web_dispatch
2026-05-26 21:22:06.315000-06:00 [info] <0.10.0> Time to start RabbitMQ: 7713 ms
2026-05-26 22:36:38.997000-06:00 [notice] <0.209.0> Logging: configured log handlers are now ACTIVE
2026-05-26 22:36:39.021000-06:00 [info] <0.209.0> ra: starting system coordination
2026-05-26 22:36:39.021000-06:00 [info] <0.209.0> starting Ra system: coordination in directory: c:/Users/joshu/Downloads/Proyecto bases/runtime/rabbitmq431/db/rabbit@localhost-mnesia/coordination/rabbit@localhost
2026-05-26 22:36:39.049000-06:00 [info] <0.217.0> ra_coordination_log_ets: in system coordination initialising. Mem table opts: [set,{write_concurrency,auto},public,{compressed,false}]
2026-05-26 22:36:39.198000-06:00 [info] <0.223.0> ra system 'coordination' running pre init for 1 registered servers
2026-05-26 22:36:39.252000-06:00 [info] <0.224.0> ra: meta data store initialised for system coordination. 1 record(s) recovered
2026-05-26 22:36:39.305000-06:00 [notice] <0.233.0> WAL in coordination initialising with name ra_coordination_log_wal
2026-05-26 22:36:39.437000-06:00 [info] <0.209.0> ra: starting system quorum_queues
2026-05-26 22:36:39.437000-06:00 [info] <0.209.0> starting Ra system: quorum_queues in directory: c:/Users/joshu/Downloads/Proyecto bases/runtime/rabbitmq431/db/rabbit@localhost-mnesia/quorum/rabbit@localhost
2026-05-26 22:36:39.439000-06:00 [info] <0.238.0> ra_log_ets: in system quorum_queues initialising. Mem table opts: [set,{write_concurrency,auto},public,{compressed,true}]
2026-05-26 22:36:39.442000-06:00 [info] <0.242.0> ra system 'quorum_queues' running pre init for 0 registered servers
2026-05-26 22:36:39.443000-06:00 [info] <0.243.0> ra: meta data store initialised for system quorum_queues. 0 record(s) recovered
2026-05-26 22:36:39.446000-06:00 [notice] <0.252.0> WAL in quorum_queues initialising with name ra_log_wal
2026-05-26 22:36:39.479000-06:00 [info] <0.254.0> ra_system_recover: ra system 'quorum_queues' server recovery strategy rabbit_quorum_queue:system_recover
2026-05-26 22:36:39.479000-06:00 [info] <0.254.0> [rabbit_quorum_queue:system_recover/1] rabbit not booted, skipping queue recovery
2026-05-26 22:36:39.482000-06:00 [info] <0.209.0> ra: starting system coordination
2026-05-26 22:36:39.482000-06:00 [info] <0.209.0> starting Ra system: coordination in directory: c:/Users/joshu/Downloads/Proyecto bases/runtime/rabbitmq431/db/rabbit@localhost-mnesia/coordination/rabbit@localhost
2026-05-26 22:36:40.351000-06:00 [notice] <0.256.0> RabbitMQ metadata store: candidate -> leader in term: 6 machine version: 3, last applied 188
2026-05-26 22:36:40.354000-06:00 [info] <0.209.0> 
2026-05-26 22:36:40.354000-06:00 [info] <0.209.0>  Starting RabbitMQ 4.3.1 on Erlang 27.3.4.11 [jit]
2026-05-26 22:36:40.354000-06:00 [info] <0.209.0>  Copyright (c) 2007-2026 Broadcom Inc and/or its subsidiaries
2026-05-26 22:36:40.354000-06:00 [info] <0.209.0>  Licensed under the MPL 2.0. Website: https://rabbitmq.com
2026-05-26 22:36:40.354000-06:00 [info] <0.209.0> 
2026-05-26 22:36:40.354000-06:00 [info] <0.209.0>  node           : rabbit@localhost
2026-05-26 22:36:40.354000-06:00 [info] <0.209.0>  home dir       : c:/Users/joshu/Downloads/Proyecto bases/runtime/rabbitmq431
2026-05-26 22:36:40.354000-06:00 [info] <0.209.0>  config file(s) : (none)
2026-05-26 22:36:40.354000-06:00 [info] <0.209.0>  log(s)         : <stdout>
2026-05-26 22:36:40.354000-06:00 [info] <0.209.0>                 : c:/Users/joshu/Downloads/Proyecto bases/runtime/rabbitmq431/log/rabbit@localhost.log
2026-05-26 22:36:40.354000-06:00 [info] <0.209.0>  data dir       : c:/Users/joshu/Downloads/Proyecto bases/runtime/rabbitmq431/db/rabbit@localhost-mnesia
2026-05-26 22:36:41.073000-06:00 [info] <0.209.0> Running boot step pre_boot defined by app rabbit
2026-05-26 22:36:41.073000-06:00 [info] <0.209.0> Running boot step rabbit_global_counters defined by app rabbit
2026-05-26 22:36:41.074000-06:00 [info] <0.209.0> Running boot step rabbit_osiris_metrics defined by app rabbit
2026-05-26 22:36:41.074000-06:00 [info] <0.209.0> Running boot step rabbit_core_metrics defined by app rabbit
2026-05-26 22:36:41.074000-06:00 [info] <0.209.0> Running boot step worker_pool defined by app rabbit
2026-05-26 22:36:41.074000-06:00 [info] <0.258.0> Will use 16 processes for default worker pool
2026-05-26 22:36:41.074000-06:00 [info] <0.258.0> Starting worker pool 'worker_pool' with 16 processes in it
2026-05-26 22:36:41.104000-06:00 [info] <0.209.0> Running boot step rabbit_registry defined by app rabbit
2026-05-26 22:36:41.104000-06:00 [info] <0.209.0> Running boot step database defined by app rabbit
2026-05-26 22:36:41.157000-06:00 [info] <0.209.0> Peer discovery: configured backend: rabbit_peer_discovery_classic_config
2026-05-26 22:36:41.158000-06:00 [notice] <0.209.0> Found the following metadata store members: [{rabbitmq_metadata,
2026-05-26 22:36:41.158000-06:00 [notice] <0.209.0>                                               rabbit@localhost}]
2026-05-26 22:36:41.685000-06:00 [info] <0.209.0> Running boot step tracking_metadata_store defined by app rabbit
2026-05-26 22:36:41.685000-06:00 [info] <0.299.0> Setting up a table for connection tracking on this node: tracked_connection
2026-05-26 22:36:41.687000-06:00 [info] <0.299.0> Setting up a table for per-vhost connection counting on this node: tracked_connection_per_vhost
2026-05-26 22:36:41.687000-06:00 [info] <0.299.0> Setting up a table for per-user connection counting on this node: tracked_connection_per_user
2026-05-26 22:36:41.687000-06:00 [info] <0.299.0> Setting up a table for channel tracking on this node: tracked_channel
2026-05-26 22:36:41.687000-06:00 [info] <0.299.0> Setting up a table for channel tracking on this node: tracked_channel_per_user
2026-05-26 22:36:41.687000-06:00 [info] <0.209.0> Running boot step networking_metadata_store defined by app rabbit
2026-05-26 22:36:41.687000-06:00 [info] <0.209.0> Running boot step feature_flags defined by app rabbit
2026-05-26 22:36:41.687000-06:00 [info] <0.209.0> Running boot step rabbit_alarm defined by app rabbit
2026-05-26 22:36:41.735000-06:00 [info] <0.304.0> Memory high watermark set to 14556 MiB (15263519539 bytes) of 24260 MiB (25439199232 bytes) total
2026-05-26 22:36:41.740000-06:00 [info] <0.306.0> Enabling free disk space monitoring (disk free space: 19029827584, total memory: 25439199232)
2026-05-26 22:36:41.740000-06:00 [info] <0.306.0> Disk free limit set to 50MB
2026-05-26 22:36:41.740000-06:00 [info] <0.209.0> Running boot step auth_backend_plugins_check defined by app rabbit
2026-05-26 22:36:41.740000-06:00 [info] <0.209.0> Running boot step codec_correctness_check defined by app rabbit
2026-05-26 22:36:41.740000-06:00 [info] <0.209.0> Running boot step external_infrastructure defined by app rabbit
2026-05-26 22:36:41.740000-06:00 [info] <0.209.0> Running boot step rabbit_event defined by app rabbit
2026-05-26 22:36:41.740000-06:00 [info] <0.209.0> Running boot step rabbit_auth_mechanism_amqplain defined by app rabbit
2026-05-26 22:36:41.740000-06:00 [info] <0.209.0> Running boot step rabbit_auth_mechanism_anonymous defined by app rabbit
2026-05-26 22:36:41.740000-06:00 [info] <0.209.0> Running boot step rabbit_auth_mechanism_cr_demo defined by app rabbit
2026-05-26 22:36:41.740000-06:00 [info] <0.209.0> Running boot step rabbit_auth_mechanism_plain defined by app rabbit
2026-05-26 22:36:41.743000-06:00 [info] <0.209.0> Running boot step rabbit_exchange_type_direct defined by app rabbit
2026-05-26 22:36:41.743000-06:00 [info] <0.209.0> Running boot step rabbit_exchange_type_fanout defined by app rabbit
2026-05-26 22:36:41.743000-06:00 [info] <0.209.0> Running boot step rabbit_exchange_type_headers defined by app rabbit
2026-05-26 22:36:41.743000-06:00 [info] <0.209.0> Running boot step rabbit_exchange_type_local_random defined by app rabbit
2026-05-26 22:36:41.743000-06:00 [info] <0.209.0> Running boot step rabbit_exchange_type_modulus_hash defined by app rabbit
2026-05-26 22:36:41.743000-06:00 [info] <0.209.0> Running boot step rabbit_exchange_type_topic defined by app rabbit
2026-05-26 22:36:41.743000-06:00 [info] <0.209.0> Running boot step rabbit_priority_queue defined by app rabbit
2026-05-26 22:36:41.743000-06:00 [info] <0.209.0> Priority queues enabled, real BQ is rabbit_variable_queue
2026-05-26 22:36:41.743000-06:00 [info] <0.209.0> Running boot step kernel_ready defined by app rabbit
2026-05-26 22:36:41.743000-06:00 [info] <0.209.0> Running boot step pg_local_amqp_connection defined by app rabbit
2026-05-26 22:36:41.761000-06:00 [info] <0.209.0> Running boot step pg_local_amqp_session defined by app rabbit
2026-05-26 22:36:41.763000-06:00 [info] <0.209.0> Running boot step rabbit_sysmon_minder defined by app rabbit
2026-05-26 22:36:41.763000-06:00 [info] <0.209.0> Running boot step rabbit_epmd_monitor defined by app rabbit
2026-05-26 22:36:41.764000-06:00 [info] <0.314.0> epmd monitor knows us, inter-node communication (distribution) port: 25672
2026-05-26 22:36:41.764000-06:00 [info] <0.209.0> Running boot step guid_generator defined by app rabbit
2026-05-26 22:36:41.775000-06:00 [info] <0.209.0> Running boot step rabbit_node_monitor defined by app rabbit
2026-05-26 22:36:41.775000-06:00 [info] <0.318.0> Starting rabbit_node_monitor
2026-05-26 22:36:41.775000-06:00 [info] <0.209.0> Running boot step delegate_sup defined by app rabbit
2026-05-26 22:36:41.775000-06:00 [info] <0.209.0> Running boot step rabbit_chaos defined by app rabbit
2026-05-26 22:36:41.775000-06:00 [info] <0.209.0> Running boot step rabbit_fifo_dlx_sup defined by app rabbit
2026-05-26 22:36:41.775000-06:00 [info] <0.209.0> Running boot step core_initialized defined by app rabbit
2026-05-26 22:36:41.775000-06:00 [info] <0.209.0> Running boot step rabbit_channel_tracking_handler defined by app rabbit
2026-05-26 22:36:41.775000-06:00 [info] <0.209.0> Running boot step rabbit_classic_queue_type defined by app rabbit
2026-05-26 22:36:41.775000-06:00 [info] <0.209.0> Running boot step rabbit_classic_queue defined by app rabbit
2026-05-26 22:36:41.775000-06:00 [info] <0.209.0> Running boot step rabbit_connection_tracking_handler defined by app rabbit
2026-05-26 22:36:41.775000-06:00 [info] <0.209.0> Running boot step rabbit_definitions_hashing defined by app rabbit
2026-05-26 22:36:41.775000-06:00 [info] <0.209.0> Running boot step rabbit_exchange_parameters defined by app rabbit
2026-05-26 22:36:41.778000-06:00 [info] <0.209.0> Running boot step rabbit_policies defined by app rabbit
2026-05-26 22:36:41.778000-06:00 [info] <0.209.0> Running boot step rabbit_quorum_queue_type defined by app rabbit
2026-05-26 22:36:41.778000-06:00 [info] <0.209.0> Running boot step rabbit_stream_queue defined by app rabbit
2026-05-26 22:36:41.778000-06:00 [info] <0.209.0> Running boot step rabbit_policy defined by app rabbit
2026-05-26 22:36:41.778000-06:00 [info] <0.209.0> Running boot step rabbit_quorum_event_subscriber defined by app rabbit
2026-05-26 22:36:41.778000-06:00 [info] <0.209.0> Running boot step rabbit_quorum_queue defined by app rabbit
2026-05-26 22:36:41.778000-06:00 [info] <0.209.0> Running boot step quorum_memory_alarm_handler defined by app rabbit
2026-05-26 22:36:41.778000-06:00 [info] <0.209.0> Running boot step rabbit_stream_coordinator defined by app rabbit
2026-05-26 22:36:41.778000-06:00 [info] <0.209.0> Running boot step rabbit_vhost_limit defined by app rabbit
2026-05-26 22:36:41.778000-06:00 [info] <0.209.0> Running boot step rabbit_mgmt_reset_handler defined by app rabbitmq_management
2026-05-26 22:36:41.780000-06:00 [info] <0.209.0> Running boot step rabbit_mgmt_db_handler defined by app rabbitmq_management_agent
2026-05-26 22:36:41.780000-06:00 [info] <0.209.0> Management plugin: using rates mode 'basic'
2026-05-26 22:36:41.780000-06:00 [info] <0.209.0> Running boot step recovery defined by app rabbit
2026-05-26 22:36:41.780000-06:00 [info] <0.346.0> Making sure data directory 'c:/Users/joshu/Downloads/Proyecto bases/runtime/rabbitmq431/db/rabbit@localhost-mnesia/msg_stores/vhosts/628WB79CIFDYO9LJI6DKMI09L' for vhost '/' exists
2026-05-26 22:36:41.824000-06:00 [info] <0.346.0> Starting message stores for vhost '/'
2026-05-26 22:36:41.831000-06:00 [info] <0.346.0> Started message store of type transient for vhost '/'
2026-05-26 22:36:41.896000-06:00 [warning] <0.360.0> Message store "628WB79CIFDYO9LJI6DKMI09L/msg_store_persistent": rebuilding indices from scratch
2026-05-26 22:36:41.902000-06:00 [info] <0.346.0> Started message store of type persistent for vhost '/'
2026-05-26 22:36:41.906000-06:00 [warning] <0.372.0> Queue veterinaria.operaciones in vhost / dropped 0/0/0 persistent messages and 0 transient messages after unclean shutdown
2026-05-26 22:36:41.906000-06:00 [info] <0.346.0> Recovering 1 queues of type rabbit_classic_queue took 107ms
2026-05-26 22:36:41.906000-06:00 [info] <0.346.0> Recovering 0 queues of type rabbit_quorum_queue took 0ms
2026-05-26 22:36:41.906000-06:00 [info] <0.346.0> Recovering 0 queues of type rabbit_stream_queue took 0ms
2026-05-26 22:36:41.907000-06:00 [info] <0.209.0> Running boot step prevent_startup_if_node_was_reset defined by app rabbit
2026-05-26 22:36:41.907000-06:00 [info] <0.209.0> Running boot step empty_db_check defined by app rabbit
2026-05-26 22:36:41.907000-06:00 [info] <0.209.0> Will not seed default virtual host and user: have definitions to load...
2026-05-26 22:36:41.907000-06:00 [info] <0.209.0> Running boot step rabbit_observer_cli defined by app rabbit
2026-05-26 22:36:41.907000-06:00 [info] <0.209.0> Running boot step rabbit_core_metrics_gc defined by app rabbit
2026-05-26 22:36:41.907000-06:00 [info] <0.209.0> Running boot step background_gc defined by app rabbit
2026-05-26 22:36:41.907000-06:00 [info] <0.209.0> Running boot step rabbit_observer_cli_classic_queues defined by app rabbit
2026-05-26 22:36:41.907000-06:00 [info] <0.209.0> Running boot step rabbit_observer_cli_quorum_queues defined by app rabbit
2026-05-26 22:36:41.907000-06:00 [info] <0.209.0> Running boot step routing_ready defined by app rabbit
2026-05-26 22:36:41.907000-06:00 [info] <0.209.0> Running boot step pre_flight defined by app rabbit
2026-05-26 22:36:41.907000-06:00 [info] <0.209.0> Running boot step notify_cluster defined by app rabbit
2026-05-26 22:36:41.907000-06:00 [info] <0.209.0> Running boot step networking defined by app rabbit
2026-05-26 22:36:41.907000-06:00 [info] <0.209.0> Running boot step rabbit_quorum_queue_periodic_membership_reconciliation defined by app rabbit
2026-05-26 22:36:41.907000-06:00 [info] <0.209.0> Running boot step definition_import_worker_pool defined by app rabbit
2026-05-26 22:36:41.907000-06:00 [info] <0.258.0> Starting worker pool 'definition_import_pool' with 16 processes in it
2026-05-26 22:36:41.909000-06:00 [info] <0.209.0> Running boot step cluster_name defined by app rabbit
2026-05-26 22:36:41.909000-06:00 [info] <0.209.0> Running boot step virtual_host_reconciliation defined by app rabbit
2026-05-26 22:36:41.909000-06:00 [info] <0.209.0> Running boot step direct_client defined by app rabbit
2026-05-26 22:36:41.909000-06:00 [info] <0.209.0> Running boot step logger_exchange defined by app rabbit
2026-05-26 22:36:41.909000-06:00 [info] <0.209.0> Running boot step cluster_tags defined by app rabbit
2026-05-26 22:36:41.911000-06:00 [info] <0.209.0> Running boot step queue_type_registrations defined by app rabbit
2026-05-26 22:36:41.911000-06:00 [info] <0.209.0> Running boot step rabbit_management_load_definitions defined by app rabbitmq_management
2026-05-26 22:36:41.911000-06:00 [info] <0.401.0> Resetting node maintenance status
2026-05-26 22:36:42.300000-06:00 [warning] <0.423.0> Deprecated features: `management_metrics_collection`: Feature `management_metrics_collection` is deprecated.
2026-05-26 22:36:42.300000-06:00 [warning] <0.423.0> By default, this feature can still be used for now.
2026-05-26 22:36:42.300000-06:00 [warning] <0.423.0> Its use will not be permitted by default in a future minor RabbitMQ version and the feature will be removed from a future major RabbitMQ version; actual versions to be determined.
2026-05-26 22:36:42.300000-06:00 [warning] <0.423.0> To continue using this feature when it is not permitted by default, set the following parameter in your configuration:
2026-05-26 22:36:42.300000-06:00 [warning] <0.423.0>     "deprecated_features.permit.management_metrics_collection = true"
2026-05-26 22:36:42.300000-06:00 [warning] <0.423.0> To test RabbitMQ as if the feature was removed, set this in your configuration:
2026-05-26 22:36:42.300000-06:00 [warning] <0.423.0>     "deprecated_features.permit.management_metrics_collection = false"
2026-05-26 22:36:42.313000-06:00 [warning] <0.424.0> Could not execute handle.exe, please install from https://learn.microsoft.com/en-us/sysinternals/downloads/handle
2026-05-26 22:36:42.410000-06:00 [info] <0.459.0> Management plugin: HTTP (non-TLS) listener started on port 15672
2026-05-26 22:36:42.410000-06:00 [info] <0.487.0> Statistics database started.
2026-05-26 22:36:42.410000-06:00 [info] <0.486.0> Starting worker pool 'management_worker_pool' with 3 processes in it
2026-05-26 22:36:42.410000-06:00 [info] <0.401.0> Ready to start client connection listeners
2026-05-26 22:36:42.416000-06:00 [info] <0.511.0> started TCP listener on [::]:5672
2026-05-26 22:36:42.416000-06:00 [info] <0.529.0> started TCP listener on 0.0.0.0:5672
2026-05-26 22:36:42.856000-06:00 [info] <0.401.0> Server startup complete; 3 plugins started.
2026-05-26 22:36:42.856000-06:00 [info] <0.401.0>  * rabbitmq_management
2026-05-26 22:36:42.856000-06:00 [info] <0.401.0>  * rabbitmq_management_agent
2026-05-26 22:36:42.856000-06:00 [info] <0.401.0>  * rabbitmq_web_dispatch
2026-05-26 22:36:42.947000-06:00 [info] <0.10.0> Time to start RabbitMQ: 8156 ms
2026-05-26 22:37:18.743000-06:00 [info] <0.537.0> accepting AMQP connection 127.0.0.1:62499 -> 127.0.0.1:5672
2026-05-26 22:37:18.780000-06:00 [info] <0.537.0> connection 127.0.0.1:62499 -> 127.0.0.1:5672 has a client-provided name: rabbitConnectionFactory#6822de70:0
2026-05-26 22:37:18.784000-06:00 [info] <0.537.0> connection 127.0.0.1:62499 -> 127.0.0.1:5672 - rabbitConnectionFactory#6822de70:0: user 'guest' authenticated and granted access to vhost '/'
2026-05-26 22:50:08.382000-06:00 [info] <0.537.0> closing AMQP connection (127.0.0.1:62499 -> 127.0.0.1:5672 - rabbitConnectionFactory#6822de70:0, vhost: '/', user: 'guest', duration: '12M, 49s')
2026-05-26 22:50:12.624000-06:00 [info] <0.603.0> accepting AMQP connection 127.0.0.1:53807 -> 127.0.0.1:5672
2026-05-26 22:50:12.633000-06:00 [info] <0.603.0> connection 127.0.0.1:53807 -> 127.0.0.1:5672 has a client-provided name: rabbitConnectionFactory#3bce4e04:0
2026-05-26 22:50:12.634000-06:00 [info] <0.603.0> connection 127.0.0.1:53807 -> 127.0.0.1:5672 - rabbitConnectionFactory#3bce4e04:0: user 'guest' authenticated and granted access to vhost '/'
2026-05-26 23:07:50.552000-06:00 [info] <0.603.0> closing AMQP connection (127.0.0.1:53807 -> 127.0.0.1:5672 - rabbitConnectionFactory#3bce4e04:0, vhost: '/', user: 'guest', duration: '17M, 37s')
2026-05-26 23:07:54.686000-06:00 [info] <0.666.0> accepting AMQP connection 127.0.0.1:58243 -> 127.0.0.1:5672
2026-05-26 23:07:54.690000-06:00 [info] <0.666.0> connection 127.0.0.1:58243 -> 127.0.0.1:5672 has a client-provided name: rabbitConnectionFactory#151052c8:0
2026-05-26 23:07:54.690000-06:00 [info] <0.666.0> connection 127.0.0.1:58243 -> 127.0.0.1:5672 - rabbitConnectionFactory#151052c8:0: user 'guest' authenticated and granted access to vhost '/'
2026-05-26 23:08:09.624000-06:00 [warning] <0.666.0> closing AMQP connection <0.666.0> (127.0.0.1:58243 -> 127.0.0.1:5672 - rabbitConnectionFactory#151052c8:0, vhost: '/', user: 'guest', duration: '14s'):
2026-05-26 23:08:09.624000-06:00 [warning] <0.666.0> client unexpectedly closed TCP connection
2026-05-26 23:09:20.347000-06:00 [info] <0.689.0> accepting AMQP connection 127.0.0.1:58250 -> 127.0.0.1:5672
2026-05-26 23:09:20.386000-06:00 [info] <0.689.0> connection 127.0.0.1:58250 -> 127.0.0.1:5672 has a client-provided name: rabbitConnectionFactory#5ae1f8e1:0
2026-05-26 23:09:20.390000-06:00 [info] <0.689.0> connection 127.0.0.1:58250 -> 127.0.0.1:5672 - rabbitConnectionFactory#5ae1f8e1:0: user 'guest' authenticated and granted access to vhost '/'
2026-05-26 23:12:01.642000-06:00 [info] <0.689.0> closing AMQP connection (127.0.0.1:58250 -> 127.0.0.1:5672 - rabbitConnectionFactory#5ae1f8e1:0, vhost: '/', user: 'guest', duration: '2M, 41s')
2026-05-26 23:12:05.402000-06:00 [info] <0.712.0> accepting AMQP connection 127.0.0.1:65125 -> 127.0.0.1:5672
2026-05-26 23:12:05.406000-06:00 [info] <0.712.0> connection 127.0.0.1:65125 -> 127.0.0.1:5672 has a client-provided name: rabbitConnectionFactory#31ae2341:0
2026-05-26 23:12:05.408000-06:00 [info] <0.712.0> connection 127.0.0.1:65125 -> 127.0.0.1:5672 - rabbitConnectionFactory#31ae2341:0: user 'guest' authenticated and granted access to vhost '/'
2026-05-26 23:13:06.309000-06:00 [warning] <0.712.0> closing AMQP connection <0.712.0> (127.0.0.1:65125 -> 127.0.0.1:5672 - rabbitConnectionFactory#31ae2341:0, vhost: '/', user: 'guest', duration: '1M, 0s'):
2026-05-26 23:13:06.309000-06:00 [warning] <0.712.0> client unexpectedly closed TCP connection
2026-05-26 23:13:20.083000-06:00 [info] <0.735.0> accepting AMQP connection 127.0.0.1:65152 -> 127.0.0.1:5672
2026-05-26 23:13:20.123000-06:00 [info] <0.735.0> connection 127.0.0.1:65152 -> 127.0.0.1:5672 has a client-provided name: rabbitConnectionFactory#5b5a627c:0
2026-05-26 23:13:20.127000-06:00 [info] <0.735.0> connection 127.0.0.1:65152 -> 127.0.0.1:5672 - rabbitConnectionFactory#5b5a627c:0: user 'guest' authenticated and granted access to vhost '/'
2026-05-26 23:47:02.251000-06:00 [notice] <0.209.0> Logging: configured log handlers are now ACTIVE
2026-05-26 23:47:02.272000-06:00 [info] <0.209.0> ra: starting system coordination
2026-05-26 23:47:02.272000-06:00 [info] <0.209.0> starting Ra system: coordination in directory: c:/Users/joshu/Downloads/Proyecto Desarrollo/runtime/rabbitmq431/db/rabbit@localhost-mnesia/coordination/rabbit@localhost
2026-05-26 23:47:02.289000-06:00 [info] <0.217.0> ra_coordination_log_ets: in system coordination initialising. Mem table opts: [set,{write_concurrency,auto},public,{compressed,false}]
2026-05-26 23:47:02.394000-06:00 [info] <0.223.0> ra system 'coordination' running pre init for 1 registered servers
2026-05-26 23:47:02.436000-06:00 [info] <0.224.0> ra: meta data store initialised for system coordination. 1 record(s) recovered
2026-05-26 23:47:02.464000-06:00 [notice] <0.233.0> WAL in coordination initialising with name ra_coordination_log_wal
2026-05-26 23:47:02.556000-06:00 [info] <0.209.0> ra: starting system quorum_queues
2026-05-26 23:47:02.556000-06:00 [info] <0.209.0> starting Ra system: quorum_queues in directory: c:/Users/joshu/Downloads/Proyecto Desarrollo/runtime/rabbitmq431/db/rabbit@localhost-mnesia/quorum/rabbit@localhost
2026-05-26 23:47:02.556000-06:00 [info] <0.238.0> ra_log_ets: in system quorum_queues initialising. Mem table opts: [set,{write_concurrency,auto},public,{compressed,true}]
2026-05-26 23:47:02.558000-06:00 [info] <0.242.0> ra system 'quorum_queues' running pre init for 0 registered servers
2026-05-26 23:47:02.562000-06:00 [info] <0.243.0> ra: meta data store initialised for system quorum_queues. 0 record(s) recovered
2026-05-26 23:47:02.563000-06:00 [notice] <0.252.0> WAL in quorum_queues initialising with name ra_log_wal
2026-05-26 23:47:02.591000-06:00 [info] <0.254.0> ra_system_recover: ra system 'quorum_queues' server recovery strategy rabbit_quorum_queue:system_recover
2026-05-26 23:47:02.591000-06:00 [info] <0.254.0> [rabbit_quorum_queue:system_recover/1] rabbit not booted, skipping queue recovery
2026-05-26 23:47:02.591000-06:00 [info] <0.209.0> ra: starting system coordination
2026-05-26 23:47:02.591000-06:00 [info] <0.209.0> starting Ra system: coordination in directory: c:/Users/joshu/Downloads/Proyecto Desarrollo/runtime/rabbitmq431/db/rabbit@localhost-mnesia/coordination/rabbit@localhost
2026-05-26 23:47:03.680000-06:00 [notice] <0.256.0> RabbitMQ metadata store: candidate -> leader in term: 7 machine version: 3, last applied 236
2026-05-26 23:47:03.683000-06:00 [info] <0.209.0> 
2026-05-26 23:47:03.683000-06:00 [info] <0.209.0>  Starting RabbitMQ 4.3.1 on Erlang 27.3.4.11 [jit]
2026-05-26 23:47:03.683000-06:00 [info] <0.209.0>  Copyright (c) 2007-2026 Broadcom Inc and/or its subsidiaries
2026-05-26 23:47:03.683000-06:00 [info] <0.209.0>  Licensed under the MPL 2.0. Website: https://rabbitmq.com
2026-05-26 23:47:03.685000-06:00 [info] <0.209.0> 
2026-05-26 23:47:03.685000-06:00 [info] <0.209.0>  node           : rabbit@localhost
2026-05-26 23:47:03.685000-06:00 [info] <0.209.0>  home dir       : c:/Users/joshu/Downloads/Proyecto Desarrollo/runtime/rabbitmq431
2026-05-26 23:47:03.685000-06:00 [info] <0.209.0>  config file(s) : (none)
2026-05-26 23:47:03.685000-06:00 [info] <0.209.0>  log(s)         : <stdout>
2026-05-26 23:47:03.685000-06:00 [info] <0.209.0>                 : c:/Users/joshu/Downloads/Proyecto Desarrollo/runtime/rabbitmq431/log/rabbit@localhost.log
2026-05-26 23:47:03.685000-06:00 [info] <0.209.0>  data dir       : c:/Users/joshu/Downloads/Proyecto Desarrollo/runtime/rabbitmq431/db/rabbit@localhost-mnesia
2026-05-26 23:47:04.299000-06:00 [info] <0.209.0> Running boot step pre_boot defined by app rabbit
2026-05-26 23:47:04.299000-06:00 [info] <0.209.0> Running boot step rabbit_global_counters defined by app rabbit
2026-05-26 23:47:04.299000-06:00 [info] <0.209.0> Running boot step rabbit_osiris_metrics defined by app rabbit
2026-05-26 23:47:04.299000-06:00 [info] <0.209.0> Running boot step rabbit_core_metrics defined by app rabbit
2026-05-26 23:47:04.302000-06:00 [info] <0.209.0> Running boot step worker_pool defined by app rabbit
2026-05-26 23:47:04.302000-06:00 [info] <0.258.0> Will use 16 processes for default worker pool
2026-05-26 23:47:04.302000-06:00 [info] <0.258.0> Starting worker pool 'worker_pool' with 16 processes in it
2026-05-26 23:47:04.320000-06:00 [info] <0.209.0> Running boot step rabbit_registry defined by app rabbit
2026-05-26 23:47:04.320000-06:00 [info] <0.209.0> Running boot step database defined by app rabbit
2026-05-26 23:47:04.363000-06:00 [info] <0.209.0> Peer discovery: configured backend: rabbit_peer_discovery_classic_config
2026-05-26 23:47:04.368000-06:00 [notice] <0.209.0> Found the following metadata store members: [{rabbitmq_metadata,
2026-05-26 23:47:04.368000-06:00 [notice] <0.209.0>                                               rabbit@localhost}]
2026-05-26 23:47:04.697000-06:00 [info] <0.209.0> Running boot step tracking_metadata_store defined by app rabbit
2026-05-26 23:47:04.697000-06:00 [info] <0.299.0> Setting up a table for connection tracking on this node: tracked_connection
2026-05-26 23:47:04.697000-06:00 [info] <0.299.0> Setting up a table for per-vhost connection counting on this node: tracked_connection_per_vhost
2026-05-26 23:47:04.697000-06:00 [info] <0.299.0> Setting up a table for per-user connection counting on this node: tracked_connection_per_user
2026-05-26 23:47:04.697000-06:00 [info] <0.299.0> Setting up a table for channel tracking on this node: tracked_channel
2026-05-26 23:47:04.697000-06:00 [info] <0.299.0> Setting up a table for channel tracking on this node: tracked_channel_per_user
2026-05-26 23:47:04.697000-06:00 [info] <0.209.0> Running boot step networking_metadata_store defined by app rabbit
2026-05-26 23:47:04.697000-06:00 [info] <0.209.0> Running boot step feature_flags defined by app rabbit
2026-05-26 23:47:04.697000-06:00 [info] <0.209.0> Running boot step rabbit_alarm defined by app rabbit
2026-05-26 23:47:04.732000-06:00 [info] <0.304.0> Memory high watermark set to 14556 MiB (15263519539 bytes) of 24260 MiB (25439199232 bytes) total
2026-05-26 23:47:04.739000-06:00 [info] <0.306.0> Enabling free disk space monitoring (disk free space: 20437147648, total memory: 25439199232)
2026-05-26 23:47:04.740000-06:00 [info] <0.306.0> Disk free limit set to 50MB
2026-05-26 23:47:04.740000-06:00 [info] <0.209.0> Running boot step auth_backend_plugins_check defined by app rabbit
2026-05-26 23:47:04.740000-06:00 [info] <0.209.0> Running boot step codec_correctness_check defined by app rabbit
2026-05-26 23:47:04.740000-06:00 [info] <0.209.0> Running boot step external_infrastructure defined by app rabbit
2026-05-26 23:47:04.740000-06:00 [info] <0.209.0> Running boot step rabbit_event defined by app rabbit
2026-05-26 23:47:04.740000-06:00 [info] <0.209.0> Running boot step rabbit_auth_mechanism_amqplain defined by app rabbit
2026-05-26 23:47:04.740000-06:00 [info] <0.209.0> Running boot step rabbit_auth_mechanism_anonymous defined by app rabbit
2026-05-26 23:47:04.740000-06:00 [info] <0.209.0> Running boot step rabbit_auth_mechanism_cr_demo defined by app rabbit
2026-05-26 23:47:04.740000-06:00 [info] <0.209.0> Running boot step rabbit_auth_mechanism_plain defined by app rabbit
2026-05-26 23:47:04.740000-06:00 [info] <0.209.0> Running boot step rabbit_exchange_type_direct defined by app rabbit
2026-05-26 23:47:04.740000-06:00 [info] <0.209.0> Running boot step rabbit_exchange_type_fanout defined by app rabbit
2026-05-26 23:47:04.740000-06:00 [info] <0.209.0> Running boot step rabbit_exchange_type_headers defined by app rabbit
2026-05-26 23:47:04.740000-06:00 [info] <0.209.0> Running boot step rabbit_exchange_type_local_random defined by app rabbit
2026-05-26 23:47:04.740000-06:00 [info] <0.209.0> Running boot step rabbit_exchange_type_modulus_hash defined by app rabbit
2026-05-26 23:47:04.740000-06:00 [info] <0.209.0> Running boot step rabbit_exchange_type_topic defined by app rabbit
2026-05-26 23:47:04.740000-06:00 [info] <0.209.0> Running boot step rabbit_priority_queue defined by app rabbit
2026-05-26 23:47:04.740000-06:00 [info] <0.209.0> Priority queues enabled, real BQ is rabbit_variable_queue
2026-05-26 23:47:04.743000-06:00 [info] <0.209.0> Running boot step kernel_ready defined by app rabbit
2026-05-26 23:47:04.743000-06:00 [info] <0.209.0> Running boot step pg_local_amqp_connection defined by app rabbit
2026-05-26 23:47:04.752000-06:00 [info] <0.209.0> Running boot step pg_local_amqp_session defined by app rabbit
2026-05-26 23:47:04.752000-06:00 [info] <0.209.0> Running boot step rabbit_sysmon_minder defined by app rabbit
2026-05-26 23:47:04.752000-06:00 [info] <0.209.0> Running boot step rabbit_epmd_monitor defined by app rabbit
2026-05-26 23:47:04.755000-06:00 [info] <0.314.0> epmd monitor knows us, inter-node communication (distribution) port: 25672
2026-05-26 23:47:04.755000-06:00 [info] <0.209.0> Running boot step guid_generator defined by app rabbit
2026-05-26 23:47:04.764000-06:00 [info] <0.209.0> Running boot step rabbit_node_monitor defined by app rabbit
2026-05-26 23:47:04.764000-06:00 [info] <0.318.0> Starting rabbit_node_monitor
2026-05-26 23:47:04.764000-06:00 [info] <0.209.0> Running boot step delegate_sup defined by app rabbit
2026-05-26 23:47:04.764000-06:00 [info] <0.209.0> Running boot step rabbit_chaos defined by app rabbit
2026-05-26 23:47:04.764000-06:00 [info] <0.209.0> Running boot step rabbit_fifo_dlx_sup defined by app rabbit
2026-05-26 23:47:04.764000-06:00 [info] <0.209.0> Running boot step core_initialized defined by app rabbit
2026-05-26 23:47:04.764000-06:00 [info] <0.209.0> Running boot step rabbit_channel_tracking_handler defined by app rabbit
2026-05-26 23:47:04.764000-06:00 [info] <0.209.0> Running boot step rabbit_classic_queue_type defined by app rabbit
2026-05-26 23:47:04.764000-06:00 [info] <0.209.0> Running boot step rabbit_classic_queue defined by app rabbit
2026-05-26 23:47:04.764000-06:00 [info] <0.209.0> Running boot step rabbit_connection_tracking_handler defined by app rabbit
2026-05-26 23:47:04.764000-06:00 [info] <0.209.0> Running boot step rabbit_definitions_hashing defined by app rabbit
2026-05-26 23:47:04.764000-06:00 [info] <0.209.0> Running boot step rabbit_exchange_parameters defined by app rabbit
2026-05-26 23:47:04.770000-06:00 [info] <0.209.0> Running boot step rabbit_policies defined by app rabbit
2026-05-26 23:47:04.770000-06:00 [info] <0.209.0> Running boot step rabbit_quorum_queue_type defined by app rabbit
2026-05-26 23:47:04.770000-06:00 [info] <0.209.0> Running boot step rabbit_stream_queue defined by app rabbit
2026-05-26 23:47:04.770000-06:00 [info] <0.209.0> Running boot step rabbit_policy defined by app rabbit
2026-05-26 23:47:04.770000-06:00 [info] <0.209.0> Running boot step rabbit_quorum_event_subscriber defined by app rabbit
2026-05-26 23:47:04.770000-06:00 [info] <0.209.0> Running boot step rabbit_quorum_queue defined by app rabbit
2026-05-26 23:47:04.771000-06:00 [info] <0.209.0> Running boot step quorum_memory_alarm_handler defined by app rabbit
2026-05-26 23:47:04.771000-06:00 [info] <0.209.0> Running boot step rabbit_stream_coordinator defined by app rabbit
2026-05-26 23:47:04.771000-06:00 [info] <0.209.0> Running boot step rabbit_vhost_limit defined by app rabbit
2026-05-26 23:47:04.771000-06:00 [info] <0.209.0> Running boot step rabbit_mgmt_reset_handler defined by app rabbitmq_management
2026-05-26 23:47:04.771000-06:00 [info] <0.209.0> Running boot step rabbit_mgmt_db_handler defined by app rabbitmq_management_agent
2026-05-26 23:47:04.771000-06:00 [info] <0.209.0> Management plugin: using rates mode 'basic'
2026-05-26 23:47:04.771000-06:00 [info] <0.209.0> Running boot step recovery defined by app rabbit
2026-05-26 23:47:04.771000-06:00 [info] <0.346.0> Making sure data directory 'c:/Users/joshu/Downloads/Proyecto Desarrollo/runtime/rabbitmq431/db/rabbit@localhost-mnesia/msg_stores/vhosts/628WB79CIFDYO9LJI6DKMI09L' for vhost '/' exists
2026-05-26 23:47:04.800000-06:00 [info] <0.346.0> Starting message stores for vhost '/'
2026-05-26 23:47:04.808000-06:00 [info] <0.346.0> Started message store of type transient for vhost '/'
2026-05-26 23:47:04.858000-06:00 [warning] <0.360.0> Message store "628WB79CIFDYO9LJI6DKMI09L/msg_store_persistent": rebuilding indices from scratch
2026-05-26 23:47:04.862000-06:00 [info] <0.346.0> Started message store of type persistent for vhost '/'
2026-05-26 23:47:04.869000-06:00 [warning] <0.372.0> Queue veterinaria.operaciones in vhost / dropped 0/0/0 persistent messages and 0 transient messages after unclean shutdown
2026-05-26 23:47:04.869000-06:00 [info] <0.346.0> Recovering 1 queues of type rabbit_classic_queue took 81ms
2026-05-26 23:47:04.869000-06:00 [info] <0.346.0> Recovering 0 queues of type rabbit_quorum_queue took 0ms
2026-05-26 23:47:04.869000-06:00 [info] <0.346.0> Recovering 0 queues of type rabbit_stream_queue took 0ms
2026-05-26 23:47:04.869000-06:00 [info] <0.209.0> Running boot step prevent_startup_if_node_was_reset defined by app rabbit
2026-05-26 23:47:04.869000-06:00 [info] <0.209.0> Running boot step empty_db_check defined by app rabbit
2026-05-26 23:47:04.869000-06:00 [info] <0.209.0> Will not seed default virtual host and user: have definitions to load...
2026-05-26 23:47:04.869000-06:00 [info] <0.209.0> Running boot step rabbit_observer_cli defined by app rabbit
2026-05-26 23:47:04.869000-06:00 [info] <0.209.0> Running boot step rabbit_core_metrics_gc defined by app rabbit
2026-05-26 23:47:04.869000-06:00 [info] <0.209.0> Running boot step background_gc defined by app rabbit
2026-05-26 23:47:04.869000-06:00 [info] <0.209.0> Running boot step rabbit_observer_cli_classic_queues defined by app rabbit
2026-05-26 23:47:04.869000-06:00 [info] <0.209.0> Running boot step rabbit_observer_cli_quorum_queues defined by app rabbit
2026-05-26 23:47:04.869000-06:00 [info] <0.209.0> Running boot step routing_ready defined by app rabbit
2026-05-26 23:47:04.869000-06:00 [info] <0.209.0> Running boot step pre_flight defined by app rabbit
2026-05-26 23:47:04.869000-06:00 [info] <0.209.0> Running boot step notify_cluster defined by app rabbit
2026-05-26 23:47:04.869000-06:00 [info] <0.209.0> Running boot step networking defined by app rabbit
2026-05-26 23:47:04.869000-06:00 [info] <0.209.0> Running boot step rabbit_quorum_queue_periodic_membership_reconciliation defined by app rabbit
2026-05-26 23:47:04.869000-06:00 [info] <0.209.0> Running boot step definition_import_worker_pool defined by app rabbit
2026-05-26 23:47:04.869000-06:00 [info] <0.258.0> Starting worker pool 'definition_import_pool' with 16 processes in it
2026-05-26 23:47:04.869000-06:00 [info] <0.209.0> Running boot step cluster_name defined by app rabbit
2026-05-26 23:47:04.869000-06:00 [info] <0.209.0> Running boot step virtual_host_reconciliation defined by app rabbit
2026-05-26 23:47:04.869000-06:00 [info] <0.209.0> Running boot step direct_client defined by app rabbit
2026-05-26 23:47:04.869000-06:00 [info] <0.209.0> Running boot step logger_exchange defined by app rabbit
2026-05-26 23:47:04.872000-06:00 [info] <0.209.0> Running boot step cluster_tags defined by app rabbit
2026-05-26 23:47:04.872000-06:00 [info] <0.209.0> Running boot step queue_type_registrations defined by app rabbit
2026-05-26 23:47:04.872000-06:00 [info] <0.209.0> Running boot step rabbit_management_load_definitions defined by app rabbitmq_management
2026-05-26 23:47:04.872000-06:00 [info] <0.401.0> Resetting node maintenance status
2026-05-26 23:47:05.192000-06:00 [warning] <0.423.0> Deprecated features: `management_metrics_collection`: Feature `management_metrics_collection` is deprecated.
2026-05-26 23:47:05.192000-06:00 [warning] <0.423.0> By default, this feature can still be used for now.
2026-05-26 23:47:05.192000-06:00 [warning] <0.423.0> Its use will not be permitted by default in a future minor RabbitMQ version and the feature will be removed from a future major RabbitMQ version; actual versions to be determined.
2026-05-26 23:47:05.192000-06:00 [warning] <0.423.0> To continue using this feature when it is not permitted by default, set the following parameter in your configuration:
2026-05-26 23:47:05.192000-06:00 [warning] <0.423.0>     "deprecated_features.permit.management_metrics_collection = true"
2026-05-26 23:47:05.192000-06:00 [warning] <0.423.0> To test RabbitMQ as if the feature was removed, set this in your configuration:
2026-05-26 23:47:05.192000-06:00 [warning] <0.423.0>     "deprecated_features.permit.management_metrics_collection = false"
2026-05-26 23:47:05.205000-06:00 [warning] <0.424.0> Could not execute handle.exe, please install from https://learn.microsoft.com/en-us/sysinternals/downloads/handle
2026-05-26 23:47:05.272000-06:00 [info] <0.459.0> Management plugin: HTTP (non-TLS) listener started on port 15672
2026-05-26 23:47:05.272000-06:00 [info] <0.487.0> Statistics database started.
2026-05-26 23:47:05.272000-06:00 [info] <0.486.0> Starting worker pool 'management_worker_pool' with 3 processes in it
2026-05-26 23:47:05.272000-06:00 [info] <0.401.0> Ready to start client connection listeners
2026-05-26 23:47:05.276000-06:00 [info] <0.511.0> started TCP listener on [::]:5672
2026-05-26 23:47:05.278000-06:00 [info] <0.529.0> started TCP listener on 0.0.0.0:5672
2026-05-26 23:47:05.546000-06:00 [info] <0.401.0> Server startup complete; 3 plugins started.
2026-05-26 23:47:05.546000-06:00 [info] <0.401.0>  * rabbitmq_management
2026-05-26 23:47:05.546000-06:00 [info] <0.401.0>  * rabbitmq_management_agent
2026-05-26 23:47:05.546000-06:00 [info] <0.401.0>  * rabbitmq_web_dispatch
2026-05-26 23:47:05.680000-06:00 [info] <0.10.0> Time to start RabbitMQ: 7088 ms
2026-05-26 23:47:20.956000-06:00 [info] <0.535.0> accepting AMQP connection 127.0.0.1:60917 -> 127.0.0.1:5672
2026-05-26 23:47:20.999000-06:00 [info] <0.535.0> connection 127.0.0.1:60917 -> 127.0.0.1:5672 has a client-provided name: rabbitConnectionFactory#13248291:0
2026-05-26 23:47:21.003000-06:00 [info] <0.535.0> connection 127.0.0.1:60917 -> 127.0.0.1:5672 - rabbitConnectionFactory#13248291:0: user 'guest' authenticated and granted access to vhost '/'
2026-05-26 23:52:55.539000-06:00 [notice] <0.209.0> Logging: configured log handlers are now ACTIVE
2026-05-26 23:52:55.558000-06:00 [info] <0.209.0> ra: starting system coordination
2026-05-26 23:52:55.558000-06:00 [info] <0.209.0> starting Ra system: coordination in directory: c:/Users/joshu/Downloads/Proyecto Desarrollo/runtime/rabbitmq431/db/rabbit@localhost-mnesia/coordination/rabbit@localhost
2026-05-26 23:52:55.574000-06:00 [info] <0.217.0> ra_coordination_log_ets: in system coordination initialising. Mem table opts: [set,{write_concurrency,auto},public,{compressed,false}]
2026-05-26 23:52:55.680000-06:00 [info] <0.223.0> ra system 'coordination' running pre init for 1 registered servers
2026-05-26 23:52:55.721000-06:00 [info] <0.224.0> ra: meta data store initialised for system coordination. 1 record(s) recovered
2026-05-26 23:52:55.748000-06:00 [notice] <0.233.0> WAL in coordination initialising with name ra_coordination_log_wal
2026-05-26 23:52:55.847000-06:00 [info] <0.209.0> ra: starting system quorum_queues
2026-05-26 23:52:55.847000-06:00 [info] <0.209.0> starting Ra system: quorum_queues in directory: c:/Users/joshu/Downloads/Proyecto Desarrollo/runtime/rabbitmq431/db/rabbit@localhost-mnesia/quorum/rabbit@localhost
2026-05-26 23:52:55.847000-06:00 [info] <0.238.0> ra_log_ets: in system quorum_queues initialising. Mem table opts: [set,{write_concurrency,auto},public,{compressed,true}]
2026-05-26 23:52:55.850000-06:00 [info] <0.242.0> ra system 'quorum_queues' running pre init for 0 registered servers
2026-05-26 23:52:55.852000-06:00 [info] <0.243.0> ra: meta data store initialised for system quorum_queues. 0 record(s) recovered
2026-05-26 23:52:55.852000-06:00 [notice] <0.252.0> WAL in quorum_queues initialising with name ra_log_wal
2026-05-26 23:52:55.879000-06:00 [info] <0.254.0> ra_system_recover: ra system 'quorum_queues' server recovery strategy rabbit_quorum_queue:system_recover
2026-05-26 23:52:55.879000-06:00 [info] <0.254.0> [rabbit_quorum_queue:system_recover/1] rabbit not booted, skipping queue recovery
2026-05-26 23:52:55.879000-06:00 [info] <0.209.0> ra: starting system coordination
2026-05-26 23:52:55.879000-06:00 [info] <0.209.0> starting Ra system: coordination in directory: c:/Users/joshu/Downloads/Proyecto Desarrollo/runtime/rabbitmq431/db/rabbit@localhost-mnesia/coordination/rabbit@localhost
2026-05-26 23:52:56.599000-06:00 [notice] <0.256.0> RabbitMQ metadata store: candidate -> leader in term: 8 machine version: 3, last applied 264
2026-05-26 23:52:56.602000-06:00 [info] <0.209.0> 
2026-05-26 23:52:56.602000-06:00 [info] <0.209.0>  Starting RabbitMQ 4.3.1 on Erlang 27.3.4.11 [jit]
2026-05-26 23:52:56.602000-06:00 [info] <0.209.0>  Copyright (c) 2007-2026 Broadcom Inc and/or its subsidiaries
2026-05-26 23:52:56.602000-06:00 [info] <0.209.0>  Licensed under the MPL 2.0. Website: https://rabbitmq.com
2026-05-26 23:52:56.604000-06:00 [info] <0.209.0> 
2026-05-26 23:52:56.604000-06:00 [info] <0.209.0>  node           : rabbit@localhost
2026-05-26 23:52:56.604000-06:00 [info] <0.209.0>  home dir       : c:/Users/joshu/Downloads/Proyecto Desarrollo/runtime/rabbitmq431
2026-05-26 23:52:56.604000-06:00 [info] <0.209.0>  config file(s) : (none)
2026-05-26 23:52:56.604000-06:00 [info] <0.209.0>  log(s)         : <stdout>
2026-05-26 23:52:56.604000-06:00 [info] <0.209.0>                 : c:/Users/joshu/Downloads/Proyecto Desarrollo/runtime/rabbitmq431/log/rabbit@localhost.log
2026-05-26 23:52:56.604000-06:00 [info] <0.209.0>  data dir       : c:/Users/joshu/Downloads/Proyecto Desarrollo/runtime/rabbitmq431/db/rabbit@localhost-mnesia
2026-05-26 23:52:57.124000-06:00 [info] <0.209.0> Running boot step pre_boot defined by app rabbit
2026-05-26 23:52:57.124000-06:00 [info] <0.209.0> Running boot step rabbit_global_counters defined by app rabbit
2026-05-26 23:52:57.124000-06:00 [info] <0.209.0> Running boot step rabbit_osiris_metrics defined by app rabbit
2026-05-26 23:52:57.125000-06:00 [info] <0.209.0> Running boot step rabbit_core_metrics defined by app rabbit
2026-05-26 23:52:57.125000-06:00 [info] <0.209.0> Running boot step worker_pool defined by app rabbit
2026-05-26 23:52:57.125000-06:00 [info] <0.258.0> Will use 16 processes for default worker pool
2026-05-26 23:52:57.125000-06:00 [info] <0.258.0> Starting worker pool 'worker_pool' with 16 processes in it
2026-05-26 23:52:57.170000-06:00 [info] <0.209.0> Running boot step rabbit_registry defined by app rabbit
2026-05-26 23:52:57.170000-06:00 [info] <0.209.0> Running boot step database defined by app rabbit
2026-05-26 23:52:57.218000-06:00 [info] <0.209.0> Peer discovery: configured backend: rabbit_peer_discovery_classic_config
2026-05-26 23:52:57.219000-06:00 [notice] <0.209.0> Found the following metadata store members: [{rabbitmq_metadata,
2026-05-26 23:52:57.219000-06:00 [notice] <0.209.0>                                               rabbit@localhost}]
2026-05-26 23:52:57.604000-06:00 [info] <0.209.0> Running boot step tracking_metadata_store defined by app rabbit
2026-05-26 23:52:57.604000-06:00 [info] <0.299.0> Setting up a table for connection tracking on this node: tracked_connection
2026-05-26 23:52:57.604000-06:00 [info] <0.299.0> Setting up a table for per-vhost connection counting on this node: tracked_connection_per_vhost
2026-05-26 23:52:57.604000-06:00 [info] <0.299.0> Setting up a table for per-user connection counting on this node: tracked_connection_per_user
2026-05-26 23:52:57.604000-06:00 [info] <0.299.0> Setting up a table for channel tracking on this node: tracked_channel
2026-05-26 23:52:57.604000-06:00 [info] <0.299.0> Setting up a table for channel tracking on this node: tracked_channel_per_user
2026-05-26 23:52:57.604000-06:00 [info] <0.209.0> Running boot step networking_metadata_store defined by app rabbit
2026-05-26 23:52:57.604000-06:00 [info] <0.209.0> Running boot step feature_flags defined by app rabbit
2026-05-26 23:52:57.605000-06:00 [info] <0.209.0> Running boot step rabbit_alarm defined by app rabbit
2026-05-26 23:52:57.644000-06:00 [info] <0.304.0> Memory high watermark set to 14556 MiB (15263519539 bytes) of 24260 MiB (25439199232 bytes) total
2026-05-26 23:52:57.650000-06:00 [info] <0.306.0> Enabling free disk space monitoring (disk free space: 20408586240, total memory: 25439199232)
2026-05-26 23:52:57.650000-06:00 [info] <0.306.0> Disk free limit set to 50MB
2026-05-26 23:52:57.651000-06:00 [info] <0.209.0> Running boot step auth_backend_plugins_check defined by app rabbit
2026-05-26 23:52:57.651000-06:00 [info] <0.209.0> Running boot step codec_correctness_check defined by app rabbit
2026-05-26 23:52:57.651000-06:00 [info] <0.209.0> Running boot step external_infrastructure defined by app rabbit
2026-05-26 23:52:57.651000-06:00 [info] <0.209.0> Running boot step rabbit_event defined by app rabbit
2026-05-26 23:52:57.652000-06:00 [info] <0.209.0> Running boot step rabbit_auth_mechanism_amqplain defined by app rabbit
2026-05-26 23:52:57.652000-06:00 [info] <0.209.0> Running boot step rabbit_auth_mechanism_anonymous defined by app rabbit
2026-05-26 23:52:57.652000-06:00 [info] <0.209.0> Running boot step rabbit_auth_mechanism_cr_demo defined by app rabbit
2026-05-26 23:52:57.652000-06:00 [info] <0.209.0> Running boot step rabbit_auth_mechanism_plain defined by app rabbit
2026-05-26 23:52:57.652000-06:00 [info] <0.209.0> Running boot step rabbit_exchange_type_direct defined by app rabbit
2026-05-26 23:52:57.652000-06:00 [info] <0.209.0> Running boot step rabbit_exchange_type_fanout defined by app rabbit
2026-05-26 23:52:57.652000-06:00 [info] <0.209.0> Running boot step rabbit_exchange_type_headers defined by app rabbit
2026-05-26 23:52:57.652000-06:00 [info] <0.209.0> Running boot step rabbit_exchange_type_local_random defined by app rabbit
2026-05-26 23:52:57.652000-06:00 [info] <0.209.0> Running boot step rabbit_exchange_type_modulus_hash defined by app rabbit
2026-05-26 23:52:57.652000-06:00 [info] <0.209.0> Running boot step rabbit_exchange_type_topic defined by app rabbit
2026-05-26 23:52:57.652000-06:00 [info] <0.209.0> Running boot step rabbit_priority_queue defined by app rabbit
2026-05-26 23:52:57.652000-06:00 [info] <0.209.0> Priority queues enabled, real BQ is rabbit_variable_queue
2026-05-26 23:52:57.652000-06:00 [info] <0.209.0> Running boot step kernel_ready defined by app rabbit
2026-05-26 23:52:57.652000-06:00 [info] <0.209.0> Running boot step pg_local_amqp_connection defined by app rabbit
2026-05-26 23:52:57.666000-06:00 [info] <0.209.0> Running boot step pg_local_amqp_session defined by app rabbit
2026-05-26 23:52:57.666000-06:00 [info] <0.209.0> Running boot step rabbit_sysmon_minder defined by app rabbit
2026-05-26 23:52:57.666000-06:00 [info] <0.209.0> Running boot step rabbit_epmd_monitor defined by app rabbit
2026-05-26 23:52:57.669000-06:00 [info] <0.314.0> epmd monitor knows us, inter-node communication (distribution) port: 25672
2026-05-26 23:52:57.669000-06:00 [info] <0.209.0> Running boot step guid_generator defined by app rabbit
2026-05-26 23:52:57.678000-06:00 [info] <0.209.0> Running boot step rabbit_node_monitor defined by app rabbit
2026-05-26 23:52:57.678000-06:00 [info] <0.318.0> Starting rabbit_node_monitor
2026-05-26 23:52:57.678000-06:00 [info] <0.209.0> Running boot step delegate_sup defined by app rabbit
2026-05-26 23:52:57.678000-06:00 [info] <0.209.0> Running boot step rabbit_chaos defined by app rabbit
2026-05-26 23:52:57.679000-06:00 [info] <0.209.0> Running boot step rabbit_fifo_dlx_sup defined by app rabbit
2026-05-26 23:52:57.679000-06:00 [info] <0.209.0> Running boot step core_initialized defined by app rabbit
2026-05-26 23:52:57.679000-06:00 [info] <0.209.0> Running boot step rabbit_channel_tracking_handler defined by app rabbit
2026-05-26 23:52:57.679000-06:00 [info] <0.209.0> Running boot step rabbit_classic_queue_type defined by app rabbit
2026-05-26 23:52:57.679000-06:00 [info] <0.209.0> Running boot step rabbit_classic_queue defined by app rabbit
2026-05-26 23:52:57.679000-06:00 [info] <0.209.0> Running boot step rabbit_connection_tracking_handler defined by app rabbit
2026-05-26 23:52:57.679000-06:00 [info] <0.209.0> Running boot step rabbit_definitions_hashing defined by app rabbit
2026-05-26 23:52:57.679000-06:00 [info] <0.209.0> Running boot step rabbit_exchange_parameters defined by app rabbit
2026-05-26 23:52:57.680000-06:00 [info] <0.209.0> Running boot step rabbit_policies defined by app rabbit
2026-05-26 23:52:57.680000-06:00 [info] <0.209.0> Running boot step rabbit_quorum_queue_type defined by app rabbit
2026-05-26 23:52:57.680000-06:00 [info] <0.209.0> Running boot step rabbit_stream_queue defined by app rabbit
2026-05-26 23:52:57.680000-06:00 [info] <0.209.0> Running boot step rabbit_policy defined by app rabbit
2026-05-26 23:52:57.680000-06:00 [info] <0.209.0> Running boot step rabbit_quorum_event_subscriber defined by app rabbit
2026-05-26 23:52:57.680000-06:00 [info] <0.209.0> Running boot step rabbit_quorum_queue defined by app rabbit
2026-05-26 23:52:57.681000-06:00 [info] <0.209.0> Running boot step quorum_memory_alarm_handler defined by app rabbit
2026-05-26 23:52:57.681000-06:00 [info] <0.209.0> Running boot step rabbit_stream_coordinator defined by app rabbit
2026-05-26 23:52:57.681000-06:00 [info] <0.209.0> Running boot step rabbit_vhost_limit defined by app rabbit
2026-05-26 23:52:57.681000-06:00 [info] <0.209.0> Running boot step rabbit_mgmt_reset_handler defined by app rabbitmq_management
2026-05-26 23:52:57.681000-06:00 [info] <0.209.0> Running boot step rabbit_mgmt_db_handler defined by app rabbitmq_management_agent
2026-05-26 23:52:57.681000-06:00 [info] <0.209.0> Management plugin: using rates mode 'basic'
2026-05-26 23:52:57.681000-06:00 [info] <0.209.0> Running boot step recovery defined by app rabbit
2026-05-26 23:52:57.681000-06:00 [info] <0.346.0> Making sure data directory 'c:/Users/joshu/Downloads/Proyecto Desarrollo/runtime/rabbitmq431/db/rabbit@localhost-mnesia/msg_stores/vhosts/628WB79CIFDYO9LJI6DKMI09L' for vhost '/' exists
2026-05-26 23:52:57.716000-06:00 [info] <0.346.0> Starting message stores for vhost '/'
2026-05-26 23:52:57.722000-06:00 [info] <0.346.0> Started message store of type transient for vhost '/'
2026-05-26 23:52:57.781000-06:00 [warning] <0.360.0> Message store "628WB79CIFDYO9LJI6DKMI09L/msg_store_persistent": rebuilding indices from scratch
2026-05-26 23:52:57.784000-06:00 [info] <0.346.0> Started message store of type persistent for vhost '/'
2026-05-26 23:52:57.788000-06:00 [warning] <0.372.0> Queue veterinaria.operaciones in vhost / dropped 0/0/0 persistent messages and 0 transient messages after unclean shutdown
2026-05-26 23:52:57.788000-06:00 [info] <0.346.0> Recovering 1 queues of type rabbit_classic_queue took 92ms
2026-05-26 23:52:57.788000-06:00 [info] <0.346.0> Recovering 0 queues of type rabbit_quorum_queue took 0ms
2026-05-26 23:52:57.788000-06:00 [info] <0.346.0> Recovering 0 queues of type rabbit_stream_queue took 0ms
2026-05-26 23:52:57.788000-06:00 [info] <0.209.0> Running boot step prevent_startup_if_node_was_reset defined by app rabbit
2026-05-26 23:52:57.789000-06:00 [info] <0.209.0> Running boot step empty_db_check defined by app rabbit
2026-05-26 23:52:57.789000-06:00 [info] <0.209.0> Will not seed default virtual host and user: have definitions to load...
2026-05-26 23:52:57.789000-06:00 [info] <0.209.0> Running boot step rabbit_observer_cli defined by app rabbit
2026-05-26 23:52:57.789000-06:00 [info] <0.209.0> Running boot step rabbit_core_metrics_gc defined by app rabbit
2026-05-26 23:52:57.789000-06:00 [info] <0.209.0> Running boot step background_gc defined by app rabbit
2026-05-26 23:52:57.789000-06:00 [info] <0.209.0> Running boot step rabbit_observer_cli_classic_queues defined by app rabbit
2026-05-26 23:52:57.789000-06:00 [info] <0.209.0> Running boot step rabbit_observer_cli_quorum_queues defined by app rabbit
2026-05-26 23:52:57.789000-06:00 [info] <0.209.0> Running boot step routing_ready defined by app rabbit
2026-05-26 23:52:57.789000-06:00 [info] <0.209.0> Running boot step pre_flight defined by app rabbit
2026-05-26 23:52:57.789000-06:00 [info] <0.209.0> Running boot step notify_cluster defined by app rabbit
2026-05-26 23:52:57.789000-06:00 [info] <0.209.0> Running boot step networking defined by app rabbit
2026-05-26 23:52:57.789000-06:00 [info] <0.209.0> Running boot step rabbit_quorum_queue_periodic_membership_reconciliation defined by app rabbit
2026-05-26 23:52:57.789000-06:00 [info] <0.209.0> Running boot step definition_import_worker_pool defined by app rabbit
2026-05-26 23:52:57.789000-06:00 [info] <0.258.0> Starting worker pool 'definition_import_pool' with 16 processes in it
2026-05-26 23:52:57.790000-06:00 [info] <0.209.0> Running boot step cluster_name defined by app rabbit
2026-05-26 23:52:57.790000-06:00 [info] <0.209.0> Running boot step virtual_host_reconciliation defined by app rabbit
2026-05-26 23:52:57.790000-06:00 [info] <0.209.0> Running boot step direct_client defined by app rabbit
2026-05-26 23:52:57.790000-06:00 [info] <0.209.0> Running boot step logger_exchange defined by app rabbit
2026-05-26 23:52:57.791000-06:00 [info] <0.209.0> Running boot step cluster_tags defined by app rabbit
2026-05-26 23:52:57.792000-06:00 [info] <0.209.0> Running boot step queue_type_registrations defined by app rabbit
2026-05-26 23:52:57.792000-06:00 [info] <0.209.0> Running boot step rabbit_management_load_definitions defined by app rabbitmq_management
2026-05-26 23:52:57.792000-06:00 [info] <0.401.0> Resetting node maintenance status
2026-05-26 23:52:58.110000-06:00 [warning] <0.423.0> Deprecated features: `management_metrics_collection`: Feature `management_metrics_collection` is deprecated.
2026-05-26 23:52:58.110000-06:00 [warning] <0.423.0> By default, this feature can still be used for now.
2026-05-26 23:52:58.110000-06:00 [warning] <0.423.0> Its use will not be permitted by default in a future minor RabbitMQ version and the feature will be removed from a future major RabbitMQ version; actual versions to be determined.
2026-05-26 23:52:58.110000-06:00 [warning] <0.423.0> To continue using this feature when it is not permitted by default, set the following parameter in your configuration:
2026-05-26 23:52:58.110000-06:00 [warning] <0.423.0>     "deprecated_features.permit.management_metrics_collection = true"
2026-05-26 23:52:58.110000-06:00 [warning] <0.423.0> To test RabbitMQ as if the feature was removed, set this in your configuration:
2026-05-26 23:52:58.110000-06:00 [warning] <0.423.0>     "deprecated_features.permit.management_metrics_collection = false"
2026-05-26 23:52:58.126000-06:00 [warning] <0.424.0> Could not execute handle.exe, please install from https://learn.microsoft.com/en-us/sysinternals/downloads/handle
2026-05-26 23:52:58.196000-06:00 [info] <0.459.0> Management plugin: HTTP (non-TLS) listener started on port 15672
2026-05-26 23:52:58.197000-06:00 [info] <0.487.0> Statistics database started.
2026-05-26 23:52:58.197000-06:00 [info] <0.486.0> Starting worker pool 'management_worker_pool' with 3 processes in it
2026-05-26 23:52:58.197000-06:00 [info] <0.401.0> Ready to start client connection listeners
2026-05-26 23:52:58.202000-06:00 [info] <0.511.0> started TCP listener on [::]:5672
2026-05-26 23:52:58.204000-06:00 [info] <0.529.0> started TCP listener on 0.0.0.0:5672
2026-05-26 23:52:58.509000-06:00 [info] <0.401.0> Server startup complete; 3 plugins started.
2026-05-26 23:52:58.509000-06:00 [info] <0.401.0>  * rabbitmq_management
2026-05-26 23:52:58.509000-06:00 [info] <0.401.0>  * rabbitmq_management_agent
2026-05-26 23:52:58.509000-06:00 [info] <0.401.0>  * rabbitmq_web_dispatch
2026-05-26 23:52:58.606000-06:00 [info] <0.10.0> Time to start RabbitMQ: 7032 ms
2026-05-26 23:56:47.748000-06:00 [info] <0.554.0> accepting AMQP connection 127.0.0.1:60978 -> 127.0.0.1:5672
2026-05-26 23:56:47.829000-06:00 [info] <0.554.0> connection 127.0.0.1:60978 -> 127.0.0.1:5672 has a client-provided name: rabbitConnectionFactory#5f93f833:0
2026-05-26 23:56:47.836000-06:00 [info] <0.554.0> connection 127.0.0.1:60978 -> 127.0.0.1:5672 - rabbitConnectionFactory#5f93f833:0: user 'guest' authenticated and granted access to vhost '/'
